Distinguished Lecture Organized,,,,,,,,,,,,,,,,,,,,,,,
Date of Entry,"Date of event (Format : dd-mm-yyyy)
 FROM","Date of event (Format : dd-mm-yyyy)
 TO",Details of the Speakers with affiliation,Type,National/International,Role/ designation of the faculty in the event,Number of participants,Proof link,,,,,,,,,,,,,,,
06-06-2021,"8th January, 2018","8th January, 2018","Mr. Deepak Khaitan, Former Chairman",Distinguished Lecture,National,ICSI-EIRC,79,https://docs.google.com/document/d/102UsaQJRVc0N9UfxW9xuKM8zbRmMrrqN6ay24hM8xDM/edit?usp=sharing,,,,,,,,,,,,,,,
06-06-2021,"2nd August, 2018","2nd August, 2018","Ms. Nilanjana Mukherjee,CWC member",Distinguished Lecture,National,ISHRAE Kolkata,355,https://docs.google.com/document/d/102UsaQJRVc0N9UfxW9xuKM8zbRmMrrqN6ay24hM8xDM/edit?usp=sharing,,,,,,,,,,,,,,,
06-06-2021,"16th August,
 2018","16th August,
 2018","Mr. Debiprasad Duari, Director",Distinguished Lecture,National,Birla Planetarium,215,https://docs.google.com/document/d/102UsaQJRVc0N9UfxW9xuKM8zbRmMrrqN6ay24hM8xDM/edit?usp=sharing,,,,,,,,,,,,,,,
06-06-2021,"7th September,2018","7th September,2018","Dr. Saikat Maitra,Honorable Vice Chancellor",Distinguished Lecture,National,MAKAUT,195,https://docs.google.com/document/d/102UsaQJRVc0N9UfxW9xuKM8zbRmMrrqN6ay24hM8xDM/edit?usp=sharing,,,,,,,,,,,,,,,
06-06-2021,"8thSeptember,2018","8thSeptember,2018",.Prof. ArnabHalder,Distinguished Lecture,National,Presidency University,157,https://docs.google.com/document/d/102UsaQJRVc0N9UfxW9xuKM8zbRmMrrqN6ay24hM8xDM/edit?usp=sharing,,,,,,,,,,,,,,,
06-06-2021,"8thSeptember,2018","8thSeptember,2018",Mr. Swarup Dutta,Distinguished Lecture,National,"Sr. Scientist, Chembiotech",136,https://docs.google.com/document/d/102UsaQJRVc0N9UfxW9xuKM8zbRmMrrqN6ay24hM8xDM/edit?usp=sharing,,,,,,,,,,,,,,,
06-06-2021,"28th September,2018","28th September,2018",Prof. Narayan Banerjee,Distinguished Lecture,National,"IISER, Kolkata",247,https://docs.google.com/document/d/102UsaQJRVc0N9UfxW9xuKM8zbRmMrrqN6ay24hM8xDM/edit?usp=sharing,,,,,,,,,,,,,,,
06-06-2021,"29th September,2018","29th September,2018",Prof. Debatosh Guha,Distinguished Lecture,National,University of Calcutta,148,https://docs.google.com/document/d/102UsaQJRVc0N9UfxW9xuKM8zbRmMrrqN6ay24hM8xDM/edit?usp=sharing,,,,,,,,,,,,,,,
06-06-2021,"29th September,2018","29th September,2018",Prof. Priya Mahadevan,Distinguished Lecture,National,S.N.Bose Centre for National Sciences,168,https://docs.google.com/document/d/102UsaQJRVc0N9UfxW9xuKM8zbRmMrrqN6ay24hM8xDM/edit?usp=sharing,,,,,,,,,,,,,,,
06-06-2021,"31st August,2018","31st August,2018",Dr. Sampa Chatterjee,Distinguished Lecture,National,"Institute of English Calcutta,
 teacher trainer and Consultant in ELT",316,https://docs.google.com/document/d/102UsaQJRVc0N9UfxW9xuKM8zbRmMrrqN6ay24hM8xDM/edit?usp=sharing,,,,,,,,,,,,,,,
06-06-2021,"31st January,2019","31st January,2019",Ms. Manisha Biswas,Distinguished Lecture,National,"Senior Member Intel, Google Developers Group",210,https://docs.google.com/document/d/1JMFsTSbsemBYtZKqxa-oxcNwSF80-Nt5/edit?usp=sharing&ouid=105632697260422788878&rtpof=true&sd=true,,,,,,,,,,,,,,,
06-06-2021,"7th March,2019","7th March,2019",Dr. Indrani Bose,Distinguished Lecture,National,"Emeritus Scientist, Department of Physics, Bose Institute, Kolkata",326,https://docs.google.com/document/d/1JMFsTSbsemBYtZKqxa-oxcNwSF80-Nt5/edit?usp=sharing&ouid=105632697260422788878&rtpof=true&sd=true,,,,,,,,,,,,,,,
06-06-2021,"7th March,2019","7th March,2019",Sudhir Mallick,Distinguished Lecture,National,"Director, INNOLEVER Solution Pvt.Ltd. Former principal consultant of TCS",355,https://docs.google.com/document/d/1JMFsTSbsemBYtZKqxa-oxcNwSF80-Nt5/edit?usp=sharing&ouid=105632697260422788878&rtpof=true&sd=true,,,,,,,,,,,,,,,
06-06-2021,"8th March,2019","8th March,2019",Dr. Rajesh Kumble Nayak,Distinguished Lecture,National,"Associate Professor, Physical Sciences, IISER, Kolkata",336,https://docs.google.com/document/d/1JMFsTSbsemBYtZKqxa-oxcNwSF80-Nt5/edit?usp=sharing&ouid=105632697260422788878&rtpof=true&sd=true,,,,,,,,,,,,,,,
06-06-2021,"9th March,2019","9th March,2019",Dr. Saket Saurabh,Distinguished Lecture,National,"Professor, Theoretical Computer Science Institute of Mathematical Sciences, Chennai",96,https://docs.google.com/document/d/1JMFsTSbsemBYtZKqxa-oxcNwSF80-Nt5/edit?usp=sharing&ouid=105632697260422788878&rtpof=true&sd=true,,,,,,,,,,,,,,,
06-06-2021,"7th March,2019","7th March,2019",Prof.Sujoy Kumar Dasgupta,Distinguished Lecture,National,"Director, Bose Institute",88,https://docs.google.com/document/d/1JMFsTSbsemBYtZKqxa-oxcNwSF80-Nt5/edit?usp=sharing&ouid=105632697260422788878&rtpof=true&sd=true,,,,,,,,,,,,,,,
06-06-2021,"8th March,2019","8th March,2019",Prof. S M Ali,Distinguished Lecture,National,Director (Membership) The Institution of Engineers (India,369,https://docs.google.com/document/d/1JMFsTSbsemBYtZKqxa-oxcNwSF80-Nt5/edit?usp=sharing&ouid=105632697260422788878&rtpof=true&sd=true,,,,,,,,,,,,,,,
06-06-2021,"25th July, 2019","25th July, 2019",Dr. Saikat Maitra,Distinguished Lecture,National,"Honourable Vice Chancellor, MAKAUT",75,https://docs.google.com/document/d/1JMFsTSbsemBYtZKqxa-oxcNwSF80-Nt5/edit?usp=sharing&ouid=105632697260422788878&rtpof=true&sd=true,,,,,,,,,,,,,,,
06-06-2021,"25th July, 2019","25th July, 2019",Ms. Rita Bhimani,Distinguished Lecture,National,"CEO, Ritam Communications, Motivational Speaker",66,https://docs.google.com/document/d/1JMFsTSbsemBYtZKqxa-oxcNwSF80-Nt5/edit?usp=sharing&ouid=105632697260422788878&rtpof=true&sd=true,,,,,,,,,,,,,,,
06-06-2021,"25th July, 2019","25th July, 2019",Mr. Preetam Roy,Distinguished Lecture,National,"Senior Director, Cognizant Technology Solutions",104,https://docs.google.com/document/d/1JMFsTSbsemBYtZKqxa-oxcNwSF80-Nt5/edit?usp=sharing&ouid=105632697260422788878&rtpof=true&sd=true,,,,,,,,,,,,,,,
06-06-2021,"25th July, 2019","25th July, 2019",Dr. Anjana Maitra,Distinguished Lecture,National,"Senior Reader and HOD of Political Science, Government College, Rourkela",134,https://docs.google.com/document/d/1JMFsTSbsemBYtZKqxa-oxcNwSF80-Nt5/edit?usp=sharing&ouid=105632697260422788878&rtpof=true&sd=true,,,,,,,,,,,,,,,
06-06-2021,"25th July, 2019","25th July, 2019",Dr. Shravan Kumar,Distinguished Lecture,National,"Vice- President, English Language Teachers' Association (ELT@I), India",95,https://docs.google.com/document/d/1JMFsTSbsemBYtZKqxa-oxcNwSF80-Nt5/edit?usp=sharing&ouid=105632697260422788878&rtpof=true&sd=true,,,,,,,,,,,,,,,
06-06-2021,"25th July, 2019","25th July, 2019",Dr. Munmun Nath,Distinguished Lecture,National,"Principal, Calcutta International School",77,https://docs.google.com/document/d/1JMFsTSbsemBYtZKqxa-oxcNwSF80-Nt5/edit?usp=sharing&ouid=105632697260422788878&rtpof=true&sd=true,,,,,,,,,,,,,,,
06-06-2021,"26th July, 2019","26th July, 2019",Dr. V. L Darurkar,Distinguished Lecture,National,"Vice Chancellor, Tripura University",128,https://docs.google.com/document/d/1JMFsTSbsemBYtZKqxa-oxcNwSF80-Nt5/edit?usp=sharing&ouid=105632697260422788878&rtpof=true&sd=true,,,,,,,,,,,,,,,
06-06-2021,"25th July, 2019","25th July, 2019",Prof.Mallika Banerjee,Distinguished Lecture,National,"University of Calcutta,Director,Pradip Centre for Autism Management",82,https://docs.google.com/document/d/1JMFsTSbsemBYtZKqxa-oxcNwSF80-Nt5/edit?usp=sharing&ouid=105632697260422788878&rtpof=true&sd=true,,,,,,,,,,,,,,,
06-06-2021,"25th July,2019","25th July,2019",Mr. Debanjan Chakrabarti,Distinguished Lecture,National,"Director of Eastern and North Eastern Zone, British Council and Library",71,https://docs.google.com/document/d/1JMFsTSbsemBYtZKqxa-oxcNwSF80-Nt5/edit?usp=sharing&ouid=105632697260422788878&rtpof=true&sd=true,,,,,,,,,,,,,,,
06-06-2021,"25th July, 2019","25th July, 2019",Mr. Suresh Paida,Distinguished Lecture,National,"Regional Head, Sales, Print & Digital, Pearson India Education Services Pvt. Ltd",211,https://docs.google.com/document/d/1JMFsTSbsemBYtZKqxa-oxcNwSF80-Nt5/edit?usp=sharing&ouid=105632697260422788878&rtpof=true&sd=true,,,,,,,,,,,,,,,
06-06-2021,"27th July, 2019","27th July, 2019",Dr. Sarani Ghoshal,Distinguished Lecture,National,"Associate Professor, Social Sciences and Humanities, NIT Goa",242,https://docs.google.com/document/d/1JMFsTSbsemBYtZKqxa-oxcNwSF80-Nt5/edit?usp=sharing&ouid=105632697260422788878&rtpof=true&sd=true,,,,,,,,,,,,,,,
06-06-2021,"22th August,2019","22th August,2019",Ashok Gupta,Distinguished Lecture,National,"Induction Officer, Lions Club International,District,322B2",153,https://docs.google.com/document/d/1JMFsTSbsemBYtZKqxa-oxcNwSF80-Nt5/edit?usp=sharing&ouid=105632697260422788878&rtpof=true&sd=true,,,,,,,,,,,,,,,
06-06-2021,"27th July, 2020","27th July, 2020",Mr. Shayak Chandra,Distinguished Lecture,National,"A Corporate Communications trainer at TCS, Former Area Director in the Geography of Toastmasters in Kolkata",130,https://docs.google.com/document/d/1JMFsTSbsemBYtZKqxa-oxcNwSF80-Nt5/edit?usp=sharing&ouid=105632697260422788878&rtpof=true&sd=true,,,,,,,,,,,,,,,
06-06-2021,"25th July, 2019","25th July, 2019",Dr. Shampa Chatterjee,Distinguished Lecture,National,"Former Director & Associate Professor, Institute of English Calcutta, Freelance trainer and Consultant in ELT",239,https://docs.google.com/document/d/1JMFsTSbsemBYtZKqxa-oxcNwSF80-Nt5/edit?usp=sharing&ouid=105632697260422788878&rtpof=true&sd=true,,,,,,,,,,,,,,,
06-06-2021,"6th August,2019","6th August,2019",Dr. Nabarun Bhattacharya,Distinguished Lecture,National,"CDAC, Director",321,https://docs.google.com/document/d/1JMFsTSbsemBYtZKqxa-oxcNwSF80-Nt5/edit?usp=sharing&ouid=105632697260422788878&rtpof=true&sd=true,,,,,,,,,,,,,,,
06-06-2021,"9th August,2019","9th August,2019",Dr. Mira Tarafdar,Distinguished Lecture,National,"CSIR, Metallurgical Laboratory",353,https://docs.google.com/document/d/1JMFsTSbsemBYtZKqxa-oxcNwSF80-Nt5/edit?usp=sharing&ouid=105632697260422788878&rtpof=true&sd=true,,,,,,,,,,,,,,,
06-06-2021,"6th August, 2019","6th August, 2019",Mr. Agni Mitra,Distinguished Lecture,National,"IFS Officer,Regional Deputy Director,Wildlife Crime Control Bereau,Govt of India",295,https://docs.google.com/document/d/1JMFsTSbsemBYtZKqxa-oxcNwSF80-Nt5/edit?usp=sharing&ouid=105632697260422788878&rtpof=true&sd=true,,,,,,,,,,,,,,,
06-06-2021,"6th August,2019","6th August,2019",Mr. Nabarun De,Distinguished Lecture,National,"Secretary, Association of ICSE Schools in Bengal",300,https://docs.google.com/document/d/1JMFsTSbsemBYtZKqxa-oxcNwSF80-Nt5/edit?usp=sharing&ouid=105632697260422788878&rtpof=true&sd=true,,,,,,,,,,,,,,,
06-06-2021,"8th August, 2019","8th August, 2019",Mr. Kunal Saha,Distinguished Lecture,National,"Businessman & Coordinator of Yuva Program, A Chapter of Confederation of Indian Industry",351,https://docs.google.com/document/d/1JMFsTSbsemBYtZKqxa-oxcNwSF80-Nt5/edit?usp=sharing&ouid=105632697260422788878&rtpof=true&sd=true,,,,,,,,,,,,,,,
06-06-2021,"8th August, 2019","8th August, 2019",Mr. Jagannath Das,Distinguished Lecture,National,"Businessman & Coordinator of Yuva Program, A Chapter of Confederation of Indian Industry",211,https://docs.google.com/document/d/1JMFsTSbsemBYtZKqxa-oxcNwSF80-Nt5/edit?usp=sharing&ouid=105632697260422788878&rtpof=true&sd=true,,,,,,,,,,,,,,,
06-06-2021,"8th August, 2019","8th August, 2019",Ms. Subhasree Chander,Distinguished Lecture,National,Tega Industries,191,https://docs.google.com/document/d/1JMFsTSbsemBYtZKqxa-oxcNwSF80-Nt5/edit?usp=sharing&ouid=105632697260422788878&rtpof=true&sd=true,,,,,,,,,,,,,,,
06-06-2021,"19th August, 2019","19th August, 2019",Dr. Arnab Halder,Distinguished Lecture,National,Presidency University,165,https://docs.google.com/document/d/1JMFsTSbsemBYtZKqxa-oxcNwSF80-Nt5/edit?usp=sharing&ouid=105632697260422788878&rtpof=true&sd=true,,,,,,,,,,,,,,,
06-06-2021,"19th August, 2019","19th August, 2019",Dr. S M Ali,Distinguished Lecture,National,"Director, Membership,IEI",243,https://docs.google.com/document/d/1JMFsTSbsemBYtZKqxa-oxcNwSF80-Nt5/edit?usp=sharing&ouid=105632697260422788878&rtpof=true&sd=true,,,,,,,,,,,,,,,
06-06-2021,"13th August,2019","13th August,2019",Swami Ekochittananda,Distinguished Lecture,National,"Vice Principal, Ramakrishna Mission Vidyamandir, Belurmath",144,https://docs.google.com/document/d/1JMFsTSbsemBYtZKqxa-oxcNwSF80-Nt5/edit?usp=sharing&ouid=105632697260422788878&rtpof=true&sd=true,,,,,,,,,,,,,,,
06-06-2021,"20th August,2019","20th August,2019",Mr. Avelo Roy,Distinguished Lecture,National,"Serial Entrepreneur, Investor, TV Host",164,https://docs.google.com/document/d/1JMFsTSbsemBYtZKqxa-oxcNwSF80-Nt5/edit?usp=sharing&ouid=105632697260422788878&rtpof=true&sd=true,,,,,,,,,,,,,,,
06-06-2021,"21st August,2019","21st August,2019",Prof. Shantanu Das,Distinguished Lecture,National,"HOD, Dept. of ME, Kalyani University",260,https://docs.google.com/document/d/1JMFsTSbsemBYtZKqxa-oxcNwSF80-Nt5/edit?usp=sharing&ouid=105632697260422788878&rtpof=true&sd=true,,,,,,,,,,,,,,,
06-06-2021,"20th August,2019","20th August,2019",Mr. Debojyoti Chakraborty,Distinguished Lecture,National,TCS Innovation Lab,209,https://docs.google.com/document/d/1JMFsTSbsemBYtZKqxa-oxcNwSF80-Nt5/edit?usp=sharing&ouid=105632697260422788878&rtpof=true&sd=true,,,,,,,,,,,,,,,
06-06-2021,"8th August, 2019","8th August, 2019",Mr.Sourav Sarkar,Distinguished Lecture,National,Reserve Bank of India,124,https://docs.google.com/document/d/1JMFsTSbsemBYtZKqxa-oxcNwSF80-Nt5/edit?usp=sharing&ouid=105632697260422788878&rtpof=true&sd=true,,,,,,,,,,,,,,,
06-06-2021,"21st August,2019","21st August,2019",Mr. Debaprasad Hajra,Distinguished Lecture,National,"Indian Institute of Welding, Kolkata Section",258,https://docs.google.com/document/d/1JMFsTSbsemBYtZKqxa-oxcNwSF80-Nt5/edit?usp=sharing&ouid=105632697260422788878&rtpof=true&sd=true,,,,,,,,,,,,,,,
06-06-2021,"21st August,2019","21st August,2019",Mr. P. K. Das,Distinguished Lecture,National,"Indian Institute of Welding, Kolkata Section",143,https://docs.google.com/document/d/1JMFsTSbsemBYtZKqxa-oxcNwSF80-Nt5/edit?usp=sharing&ouid=105632697260422788878&rtpof=true&sd=true,,,,,,,,,,,,,,,
06-06-2021,"21st August,2019","21st August,2019",Prof. G. L. Datta,Distinguished Lecture,National,"Indian Institute of Welding, Kolkata Section, Retired Professor, IIT Kharagpur",219,https://docs.google.com/document/d/1JMFsTSbsemBYtZKqxa-oxcNwSF80-Nt5/edit?usp=sharing&ouid=105632697260422788878&rtpof=true&sd=true,,,,,,,,,,,,,,,
06-06-2021,"21st August,2019","21st August,2019",Mr.Rituraj Bose,Distinguished Lecture,National,"Indian Institute of Welding, Kolkata Section",235,https://docs.google.com/document/d/1JMFsTSbsemBYtZKqxa-oxcNwSF80-Nt5/edit?usp=sharing&ouid=105632697260422788878&rtpof=true&sd=true,,,,,,,,,,,,,,,
06-06-2021,"9th August, 2019","9th August, 2019",Mr. Om Prakash Das,Distinguished Lecture,National,Accenture,147,https://docs.google.com/document/d/1JMFsTSbsemBYtZKqxa-oxcNwSF80-Nt5/edit?usp=sharing&ouid=105632697260422788878&rtpof=true&sd=true,,,,,,,,,,,,,,,
06-06-2021,"18th July,2019","18th July,2019",Mr. Samit Kumar Ray,Distinguished Lecture,National,"Director, S. N. Bose
 National Centre for Basic Sciences and
 Professor, IIT Kharagpur",156,https://docs.google.com/document/d/1JMFsTSbsemBYtZKqxa-oxcNwSF80-Nt5/edit?usp=sharing&ouid=105632697260422788878&rtpof=true&sd=true,,,,,,,,,,,,,,,
06-06-2021,"18th July,2019","18th July,2019",Milan Kumar Sanyal,Distinguished Lecture,National,"S. N. Bose National Centre for Basic Sciences and Saha Institute of Nuclear Physics, Kolkata",210,https://docs.google.com/document/d/1JMFsTSbsemBYtZKqxa-oxcNwSF80-Nt5/edit?usp=sharing&ouid=105632697260422788878&rtpof=true&sd=true,,,,,,,,,,,,,,,
06-06-2021,"18th July,2019","18th July,2019",Saurav Giri,Distinguished Lecture,National,"Indian Association for the
 Cultivation of Science, Kolkata",264,https://docs.google.com/document/d/1JMFsTSbsemBYtZKqxa-oxcNwSF80-Nt5/edit?usp=sharing&ouid=105632697260422788878&rtpof=true&sd=true,,,,,,,,,,,,,,,
06-06-2021,18th July 2019,18th July 2019,Debraj Choudhury,Distinguished Lecture,National,"Indian Institute of Technology, Kharagpur",312,https://docs.google.com/document/d/1JMFsTSbsemBYtZKqxa-oxcNwSF80-Nt5/edit?usp=sharing&ouid=105632697260422788878&rtpof=true&sd=true,,,,,,,,,,,,,,,
06-06-2021,18th July 2019,18th July 2019,P. K. Muduli,Distinguished Lecture,National,"Indian Institute of
 Technology Delhi",135,https://docs.google.com/document/d/1JMFsTSbsemBYtZKqxa-oxcNwSF80-Nt5/edit?usp=sharing&ouid=105632697260422788878&rtpof=true&sd=true,,,,,,,,,,,,,,,
06-06-2021,18th July 2019,18th July 2019,Satyajit Banerjee,Distinguished Lecture,National,"Indian Institute of
 Technology Kanpur",187,https://docs.google.com/document/d/1JMFsTSbsemBYtZKqxa-oxcNwSF80-Nt5/edit?usp=sharing&ouid=105632697260422788878&rtpof=true&sd=true,,,,,,,,,,,,,,,
06-06-2021,18th July 2019,18th July 2019,Chandan Mazumdar,Distinguished Lecture,National,"Saha Institute of
 Nuclear Physics, Kolkata",206,https://docs.google.com/document/d/1JMFsTSbsemBYtZKqxa-oxcNwSF80-Nt5/edit?usp=sharing&ouid=105632697260422788878&rtpof=true&sd=true,,,,,,,,,,,,,,,
06-06-2021,18th July 2019,18th July 2019,Jaivardhan Sinha,Distinguished Lecture,National,"SRM University,
 Kattankulathur",322,https://docs.google.com/document/d/1JMFsTSbsemBYtZKqxa-oxcNwSF80-Nt5/edit?usp=sharing&ouid=105632697260422788878&rtpof=true&sd=true,,,,,,,,,,,,,,,
06-06-2021,"19th July,2019","19th July,2019",Samit Kumar Ray,Distinguished Lecture,National,"S. N. Bose National Centre for Basic Sciences, Kolkata",351,https://docs.google.com/document/d/1JMFsTSbsemBYtZKqxa-oxcNwSF80-Nt5/edit?usp=sharing&ouid=105632697260422788878&rtpof=true&sd=true,,,,,,,,,,,,,,,
06-06-2021,"19th July,2019","19th July,2019",Kalyan Kumar Chattopadhyay,Distinguished Lecture,National,"Jadavpur
 University",332,https://docs.google.com/document/d/1JMFsTSbsemBYtZKqxa-oxcNwSF80-Nt5/edit?usp=sharing&ouid=105632697260422788878&rtpof=true&sd=true,,,,,,,,,,,,,,,
06-06-2021,"19th July,2019","19th July,2019",Atindranath Pal,Distinguished Lecture,National,"S. N. Bose
 National Centre for Basic
 Sciences Kolkata",92,https://docs.google.com/document/d/1JMFsTSbsemBYtZKqxa-oxcNwSF80-Nt5/edit?usp=sharing&ouid=105632697260422788878&rtpof=true&sd=true,,,,,,,,,,,,,,,
06-06-2021,"20th July, 2019","20th July, 2019",Durga Basak,Distinguished Lecture,National,"Indian
 Association for the
 Cultivation of Science,
 Kolkata",84,https://docs.google.com/document/d/1JMFsTSbsemBYtZKqxa-oxcNwSF80-Nt5/edit?usp=sharing&ouid=105632697260422788878&rtpof=true&sd=true,,,,,,,,,,,,,,,
06-06-2021,"20th July, 2019","20th July, 2019","Anirban
 Bhattacharyya",Distinguished Lecture,National,University of Calcutta,365,https://docs.google.com/document/d/1JMFsTSbsemBYtZKqxa-oxcNwSF80-Nt5/edit?usp=sharing&ouid=105632697260422788878&rtpof=true&sd=true,,,,,,,,,,,,,,,
06-06-2021,"20th July, 2019","20th July, 2019",Anjan Dasgupta,Distinguished Lecture,National,University of Calcutta,88,https://docs.google.com/document/d/1JMFsTSbsemBYtZKqxa-oxcNwSF80-Nt5/edit?usp=sharing&ouid=105632697260422788878&rtpof=true&sd=true,,,,,,,,,,,,,,,
06-06-2021,"20th July, 2019","20th July, 2019",Samir Kumar Pal,Distinguished Lecture,National,"S.
 N. Bose National
 Centre for Basic
 Sciences, Kolkata",79,https://docs.google.com/document/d/1JMFsTSbsemBYtZKqxa-oxcNwSF80-Nt5/edit?usp=sharing&ouid=105632697260422788878&rtpof=true&sd=true,,,,,,,,,,,,,,,
06-06-2021,"20th July, 2019","20th July, 2019",Jui Chakraborty,Distinguished Lecture,National,"CSIR - Central Glass
 and Ceramics
 Research Institute
 (CGCRI)",117,https://docs.google.com/document/d/1JMFsTSbsemBYtZKqxa-oxcNwSF80-Nt5/edit?usp=sharing&ouid=105632697260422788878&rtpof=true&sd=true,,,,,,,,,,,,,,,
06-06-2021,"20th July, 2019","20th July, 2019","Jhimli
 Bhattacharyya",Distinguished Lecture,National,"National Institute of
 Technology Nagaland",147,https://docs.google.com/document/d/1JMFsTSbsemBYtZKqxa-oxcNwSF80-Nt5/edit?usp=sharing&ouid=105632697260422788878&rtpof=true&sd=true,,,,,,,,,,,,,,,
06-06-2021,"28th April,2020","28th April,2020",Dr. Rajarshi Banerjee,Distinguished Lecture,National,AVP(R & D) Banka BioLoo Ltd.,200,https://drive.google.com/file/d/1jEzPEV1n5aEY1VnWgCqRSGExkWKC3fK6/view?usp=sharing,,,,,,,,,,,,,,,
06-06-2021,"15th August, 2020","15th August, 2020",Prabir Sengupta,Distinguished Lecture,National,"Colonel, VSM",219,https://drive.google.com/file/d/1Ue8Z8Rf9BG_A9e6LKyVu5zr2cFvyXJqz/view?usp=sharing,,,,,,,,,,,,,,,
06-06-2021,"24th June, 2020","24th June, 2020",Sudip Mukherjee,Distinguished Lecture,National,"District Governor, District 3291, Rotary India",335,https://drive.google.com/file/d/1Rtp8jScM9FIwbVSiIKnTrNxV3comWbey/view?usp=sharing,,,,,,,,,,,,,,,
06-06-2021,"24th June, 2020","24th June, 2020",Rakesh Bhatia,Distinguished Lecture,National,"Club Advisor, President, Rotary Club of Belur",364,https://drive.google.com/file/d/1Rtp8jScM9FIwbVSiIKnTrNxV3comWbey/view?usp=sharing,,,,,,,,,,,,,,,
06-06-2021,"28th July,2020","28th July,2020",Mita Saha,Distinguished Lecture,National,"Assistant Governor, Zone 9, District 3291, Rotary India",345,https://drive.google.com/file/d/1Rtp8jScM9FIwbVSiIKnTrNxV3comWbey/view?usp=sharing,,,,,,,,,,,,,,,
06-06-2021,"28th July,2020","28th July,2020",Ranjana Mustuddi,Distinguished Lecture,National,"Zonal Secretary, Zone 9, District 3291, Rotary India",105,https://drive.google.com/file/d/1Rtp8jScM9FIwbVSiIKnTrNxV3comWbey/view?usp=sharing,,,,,,,,,,,,,,,
06-06-2021,"8th December, 2020","8th December, 2020",Mrs. Ruchi Gupta,Distinguished Lecture,National,"Past District Chairman, Inner Wheel Club, Kolkata",248,https://docs.google.com/spreadsheets/d/1JCqe2frKHaMrVKYfY7fb3qFe3dBU9m1v/edit?usp=sharing&ouid=103456258799123456113&rtpof=true&sd=true,,,,,,,,,,,,,,,
06-06-2021,,,Dr. Shravan Kumar,Distinguished Lecture,National,"National Vice-President, ELT@I, Professor and Dean Student Welfare, G L Bajaj Group of Institutions,India",330,https://docs.google.com/spreadsheets/d/1JCqe2frKHaMrVKYfY7fb3qFe3dBU9m1v/edit?usp=sharing&ouid=103456258799123456113&rtpof=true&sd=true,,,,,,,,,,,,,,,
06-06-2021,"12th December, 2020","12th December, 2020",Dr. Sarani Ghoshal,Distinguished Lecture,National,"Associate Professor of English, NIT, Goa, India",309,https://docs.google.com/document/d/1uSrtWnspg0kgA4NYqs6_XGKeIj1YCcQ9/edit?usp=sharing&ouid=105632697260422788878&rtpof=true&sd=true,,,,,,,,,,,,,,,
06-06-2021,"11th December, 2020","11th December, 2020",Dr. Aditi Ghosh,Distinguished Lecture,National,"Associate Professor in the Department of Linguistics, Universit",360,https://docs.google.com/spreadsheets/d/1oGQHA5xfTQh68GNN8mWYKn8OMIusPr-2/edit?usp=sharing&ouid=103456258799123456113&rtpof=true&sd=true,,,,,,,,,,,,,,,
06-06-2021,"11th December, 2020","11th December, 2020",Dr. Priyanka Tripathi,Distinguished Lecture,National,"IIT, Patna",220,https://docs.google.com/spreadsheets/d/1JCqe2frKHaMrVKYfY7fb3qFe3dBU9m1v/edit?usp=sharing&ouid=103456258799123456113&rtpof=true&sd=true,,,,,,,,,,,,,,,
06-06-2021,"11th December, 2020","11th December, 2020",Dr. Atanu Saha,Distinguished Lecture,National,"Department of Linguistics, Jadavpur University",200,https://docs.google.com/spreadsheets/d/1oGQHA5xfTQh68GNN8mWYKn8OMIusPr-2/edit?usp=sharing&ouid=103456258799123456113&rtpof=true&sd=true,,,,,,,,,,,,,,,
06-06-2021,"11th September, 2020","11th September, 2020",Dr. Gillian Dooley,Distinguished Lecture,International,"Flinders University, South Australia",282,https://docs.google.com/spreadsheets/d/1JCqe2frKHaMrVKYfY7fb3qFe3dBU9m1v/edit?usp=sharing&ouid=103456258799123456113&rtpof=true&sd=true,,,,,,,,,,,,,,,
06-06-2021,"12th September, 2020","12th September, 2020",Dr. Ylona Veronica Aben Bayod,Distinguished Lecture,International,"St. Louis University, Phillipines",231,https://docs.google.com/spreadsheets/d/1UN3vcxRdqyC9Beqx3kMBUHJS3wQ_cueI/edit?usp=sharing&ouid=103456258799123456113&rtpof=true&sd=true,,,,,,,,,,,,,,,
06-06-2021,"12th September, 2020","12th September, 2020",Dr. Binu James Mathew,Distinguished Lecture,International,College of Banking and Financial,146,https://docs.google.com/spreadsheets/d/1JCqe2frKHaMrVKYfY7fb3qFe3dBU9m1v/edit?usp=sharing&ouid=103456258799123456113&rtpof=true&sd=true,,,,,,,,,,,,,,,
06-06-2021,"8th December, 2020","8th December, 2020","Raymond Pereira,",Distinguished Lecture,International,"DTM President, Elite Challenger Toastmasters, Kuwait, IT Consultant, The Parliament of Kuwait",232,https://docs.google.com/spreadsheets/d/1JCqe2frKHaMrVKYfY7fb3qFe3dBU9m1v/edit?usp=sharing&ouid=103456258799123456113&rtpof=true&sd=true,,,,,,,,,,,,,,,
06-06-2021,"8th December, 2020","8th December, 2020",Coorey Woodard,Distinguished Lecture,International,"Lead Strategic, USA",286,https://docs.google.com/spreadsheets/d/1JCqe2frKHaMrVKYfY7fb3qFe3dBU9m1v/edit?usp=sharing&ouid=103456258799123456113&rtpof=true&sd=true,,,,,,,,,,,,,,,
06-06-2021,"8th December, 2020","8th December, 2020",Dr. Andrew Schenck,Distinguished Lecture,International,"University of New York, Korea",157,https://docs.google.com/spreadsheets/d/1JCqe2frKHaMrVKYfY7fb3qFe3dBU9m1v/edit?usp=sharing&ouid=103456258799123456113&rtpof=true&sd=true,,,,,,,,,,,,,,,
06-06-2021,"12th December, 2020","12th December, 2020",Dr. Ylona Veronica Aben Bayod,Distinguished Lecture,International,"St. Louis University, Phillipines",344,https://docs.google.com/spreadsheets/d/1UN3vcxRdqyC9Beqx3kMBUHJS3wQ_cueI/edit?usp=sharing&ouid=103456258799123456113&rtpof=true&sd=true,,,,,,,,,,,,,,,
06-06-2021,"11th December, 2020","11th December, 2020",Dr. Debasree Ghosh,Distinguished Lecture,International,"Victoria University of Wellington, New Zealand",354,https://docs.google.com/spreadsheets/d/1oGQHA5xfTQh68GNN8mWYKn8OMIusPr-2/edit?usp=sharing&ouid=103456258799123456113&rtpof=true&sd=true,,,,,,,,,,,,,,,
06-06-2021,"11th December, 2020","11th December, 2020",Mr. Andy Eliers,Distinguished Lecture,International,"Lead Strategic, USA",114,https://docs.google.com/spreadsheets/d/1oGQHA5xfTQh68GNN8mWYKn8OMIusPr-2/edit?usp=sharing&ouid=103456258799123456113&rtpof=true&sd=true,,,,,,,,,,,,,,,
03-07-2021,01-07-2021,01-07-2021, Mr. Corey Woodard,Distinguished Lecture,International,"Director, Lead Strategic Development Pvt. Ltd, USA.",328,https://bit.ly/3AhqLX0,,,,,,,,,,,,,,,
04-07-2021,"5th February, 2021","5th February, 2021","Prof. Dr. Enrique Zuazua Chair in Applied Analysis, Alexander von Humboldt-Professorship, Department of Mathematics, Friedrich-Alexander-Universität Erlangen-Nürnberg, Erlangen, Germany",Distinguished Lecture,International,Organiser,300,https://drive.google.com/drive/folders/1VC9K0o76U-lFzPSiKOPtexofDUkQFnge?usp=sharing,,,,,,,,,,,,,,,
04-07-2021,"5th February, 2021","5th Febtruary, 2021","Prof. Dr. Leopoldo Eduardo Cárdenas-Barrón Professor, Department of Industrial and Systems Engineering, School of Engineering and Sciences, Tecnológico de Monterrey, Monterrey, México",Distinguished Lecture,International,Organiser,300,https://drive.google.com/drive/folders/1GZiZxIBNKBsOQ4QiURMfcm8V_FB76nBm?usp=sharing,,,,,,,,,,,,,,,
04-07-2021,"6th February, 2021","6th February, 2021","Prof. Dr. Daniele Ritelli Professor of Mathematical Analysis, Department of Statistical Sciences, University of Bologna, Italy",Distinguished Lecture,International,Organiser,250,https://drive.google.com/drive/folders/1V1iRJ7wXfY0Qrdp-ynAQaPPYSK1Bxl0x?usp=sharing,,,,,,,,,,,,,,,
04-07-2021,"6th February, 2021","6th February, 2021","Prof. Dr. Carla M.A. Pinto Adjunct Professor, Sub director of the Department of Mathematics, School of Engineering, Polytechnic of Porto, Portugal",Distinguished Lecture,International,Organiser,220,https://drive.google.com/drive/folders/1KEutfVw5XzjWtBWq3yqzyz_chkLdiDwo?usp=sharing,,,,,,,,,,,,,,,
04-07-2021,"6th February, 2021","6th February, 2021","Prof. Dr. Javad Mashreghi Département de Mathématiques et de statistique, Université Laval, Québec, QC, Canada",Distinguished Lecture,International,Organiser,215,https://drive.google.com/drive/folders/1xu794hKRD_Q64-kWAG44sAUAYA1P3nB0?usp=sharing,,,,,,,,,,,,,,,
04-07-2021,"7th February, 2021","7th February, 2021","Prof. Dr. Gennaro Infante Associate Professor of Mathematical Analysis, Dipartimento di Matematica e Informatica, Universita' della Calabria, Italy",Distinguished Lecture,International,Otganiser,110,https://drive.google.com/drive/folders/1GDaTlx9sfQw_CLL8qLpov6SY6qLmfoGo?usp=sharing,,,,,,,,,,,,,,,
04-07-2021,"7th February, 2021","7th February, 2021","Prof. Dr. Ahmed Elngar Assistant Professor, Faculty of Computers & Artificial Intelligence, Beni-Suef University, Beni Suef City, Egypt",Distinguished Lecture,International,Otganiser,170,https://drive.google.com/drive/folders/1Zn14Iq4AxM0ejOjaJjLJ8Ho7tPftqnME?usp=sharing,,,,,,,,,,,,,,,
06.07.2021,05.02.2021,05.02.2021,"Prof. Mark Levi,Professor and Head,Department of Mathematics,Pennsylvania State University,USA",Distinguished Lecture,International,Organiser,250,https://drive.google.com/drive/folders/1BQ-Ptfd3EIaSXyDKVFCyg6LAWM3tE0Pb?usp=sharing,,,,,,,,,,,,,,,
05-07-2021,09-09-2020,09-09-2020,"Dr. Lisa Hopkins, Sheffield Hallam University, UK",Distinguished Lecture,International,Organiser,1800,https://www.youtube.com/watch?v=MO4OCEWTR_Y,,,,,,,,,,,,,,,
05-07-2021,08-09-2020,08-09-2020,"Dr.Melanie Pope,University of Derby,UK",Distinguished Lecture,International,Organiser,1800,https://www.youtube.com/watch?v=2osgrq_nDkw,,,,,,,,,,,,,,,
05-07-2021,09-09-2020,09-09-2020,"Scott Granville,Chasing Time English",Distinguished Lecture,International,Organiser,1800,https://www.youtube.com/watch?v=YZrs2gdNVS0,,,,,,,,,,,,,,,
05-07-2021,10-09-2020,10-09-2020,"Dr. Oksana Aftiska,Lancaster University, UK",Distinguished Lecture,International,Organiser,1800,https://www.youtube.com/watch?v=yXzUfLaeCuw,,,,,,,,,,,,,,,
05-07-2021,11-09-2020,11-09-2020,"Dr. Gillian Dooley,Flinders University, South Australia",Distinguished Lecture,International,Organiser,1800,https://www.youtube.com/watch?v=yXzUfLaeCuw,,,,,,,,,,,,,,,
05-07-2021,12-09-2020,12-09-2020,"Dr. Binu James Matthew, College of Banking and Financial ",Distinguished Lecture,International,Organiser,1800,https://www.youtube.com/watch?v=MvHU1qkpwgQ,,,,,,,,,,,,,,,
05-07-2021,08-09-2020,08-09-2020,"Dr. Pushplata rani, BITS Pilani",Distinguished Lecture,International,Organiser,1800,https://www.youtube.com/watch?v=2osgrq_nDkw,,,,,,,,,,,,,,,
07-07-2021,04-12-2020,04-12-2020,"Elnaz Sarraf, Founder & CEO ROYBI Robot | TIME Best Invention | Forbes Technology Council Official Member",Distinguished Lecture,International,Organiser,1180,https://youtube.com/playlist?list=PL4mjDeRSnK71N_aUbAlG_NMgPcnASygRd,,,,,,,,,,,,,,,
07-07-2021,16-12-2020,16-12-2020,"Michael Jobity, Co-Founder @2unify | Dragons Den S15 | AIRBUS Industry 4.0 Digital Lead | Google Suite Champion | 10x Keynote Speaker | Top Talent Under 25 | Engineering & Management",Distinguished Lecture,International,Organiser,1180,https://youtube.com/playlist?list=PL4mjDeRSnK71N_aUbAlG_NMgPcnASygRd,,,,,,,,,,,,,,,
07-07-2021,29-11-2020,29-11-2020,"Christopher Salem, CEO - Executive Coach - Corporate Trainer - Keynote Speaker - Award Winning Author - Radio Show Host",Distinguished Lecture,International,Organiser,1180,https://youtube.com/playlist?list=PL4mjDeRSnK71N_aUbAlG_NMgPcnASygRd,,,,,,,,,,,,,,,
07-07-2021,05-12-2020,05-12-2020,"Ebere Akadiri,  Founder | Entrepreneur|Mentor| Educator | Women in Leadership Advocate| Passionately connecting and inspiring leaders from diverse backgrounds to drive inclusion and share valuable insights.       ",Distinguished Lecture,International,Organiser,1180,https://youtube.com/playlist?list=PL4mjDeRSnK71N_aUbAlG_NMgPcnASygRd,,,,,,,,,,,,,,,
07-07-2021,29-12-2020,29-12-2020,"Michael Teoh Su Lim, Grow Millennial-Generation Employees to become More Productive & Happier in their Work.' - Founder CEO (Thriving Talents). Global Advisor & KOL (Microsoft). Millennials Leadership Strategist & Speaker ",Distinguished Lecture,International,Organiser,1180,https://youtube.com/playlist?list=PL4mjDeRSnK71N_aUbAlG_NMgPcnASygRd,,,,,,,,,,,,,,,
07-07-2021,07-12-2020,07-12-2020,"Krishna Kumar, CEO of GreenPepper",Distinguished Lecture,International,Organiser,1180,https://youtube.com/playlist?list=PL4mjDeRSnK71N_aUbAlG_NMgPcnASygRd,,,,,,,,,,,,,,,
07-07-2021,12-10-2019,12-10-2019,"Bob Gill, Carol Jaeger, Winnie Lai-Fong, Sean Hinton, Mandeep Panu",Distinguished Lecture,International,Organiser,2276,https://www.youtube.com/channel/UCtHkWyCCt2cB7eKMuH9Kz7Q/videos,,,,,,,,,,,,,,,
07-07-2021,12-10-2019,12-10-2019,"Pathak Mridul, Son Vuong, Shefik, Prosasty Chaudhuri, Alexander Bykovsky, Eric Lui, Yuri Cruman, Alexander Fleiss, Mark Punyanitya, ",Distinguished Lecture,International,Organiser,120,https://www.youtube.com/channel/UCtHkWyCCt2cB7eKMuH9Kz7Q/videos,,,,,,,,,,,,,,,
08-07-2021,07-07-2021,07-07-2021, Mr. Corey Woodard,Distinguished Lecture,International,"Director, Lead Strategic Development Pvt. Ltd, USA.",434,https://drive.google.com/file/d/14sBHnJ7StcxJ4IrxxtM8KRYw2k4ruMgv/view?usp=sharing,,,,,,,,,,,,,,,
08-07-2021,08-07-2021,08-07-2021,Mr. Terry L. Rodgers,Distinguished Lecture,International," Vice President, JLL, North Carolina, US",465,https://drive.google.com/file/d/1e1ViumFJ9m7YhZXUTYwFMJcLkrB6BHlI/view?usp=sharing,,,,,,,,,,,,,,,
10-07-21,05-02-21,05-02-21,Application of Far Infra red and Tera Hertz spectroscopy in chemistry and biology,"Prof. Rajib Kumar Mitra, S. N. Bose National Centre for Basic Sciences",Seminar,National,500,https://drive.google.com/file/d/16mvVBdj0DfSHDIqEwlYbYbFtTz_RB-Zp/view?usp=sharing,,,,,,,,,,,,,,,
,,,,,,,,,,,,,,,,,,,,,,,
,,,,,,,,,,,,,,,,,,,,,,,
,,,,,,,,,,,,,,,,,,,,,,,
,,,,,,,,,,,,,,,,,,,,,,,
,,,,,,,,,,,,,,,,,,,,,,,
,,,,,,,,,,,,,,,,,,,,,,,
,,,,,,,,,,,,,,,,,,,,,,,
,,,,,,,,,,,,,,,,,,,,,,,
,,,,,,,,,,,,,,,,,,,,,,,
,,,,,,,,,,,,,,,,,,,,,,,
,,,,,,,,,,,,,,,,,,,,,,,
,,,,,,,,,,,,,,,,,,,,,,,
,,,,,,,,,,,,,,,,,,,,,,,
,,,,,,,,,,,,,,,,,,,,,,,
,,,,,,,,,,,,,,,,,,,,,,,
,,,,,,,,,,,,,,,,,,,,,,,
,,,,,,,,,,,,,,,,,,,,,,,
,,,,,,,,,,,,,,,,,,,,,,,
,,,,,,,,,,,,,,,,,,,,,,,
,,,,,,,,,,,,,,,,,,,,,,,
,,,,,,,,,,,,,,,,,,,,,,,
,,,,,,,,,,,,,,,,,,,,,,,
,,,,,,,,,,,,,,,,,,,,,,,
,,,,,,,,,,,,,,,,,,,,,,,
,,,,,,,,,,,,,,,,,,,,,,,
,,,,,,,,,,,,,,,,,,,,,,,
,,,,,,,,,,,,,,,,,,,,,,,
,,,,,,,,,,,,,,,,,,,,,,,
,,,,,,,,,,,,,,,,,,,,,,,
,,,,,,,,,,,,,,,,,,,,,,,
,,,,,,,,,,,,,,,,,,,,,,,
,,,,,,,,,,,,,,,,,,,,,,,
,,,,,,,,,,,,,,,,,,,,,,,
,,,,,,,,,,,,,,,,,,,,,,,
,,,,,,,,,,,,,,,,,,,,,,,
,,,,,,,,,,,,,,,,,,,,,,,
,,,,,,,,,,,,,,,,,,,,,,,
,,,,,,,,,,,,,,,,,,,,,,,
,,,,,,,,,,,,,,,,,,,,,,,
,,,,,,,,,,,,,,,,,,,,,,,
,,,,,,,,,,,,,,,,,,,,,,,
,,,,,,,,,,,,,,,,,,,,,,,
,,,,,,,,,,,,,,,,,,,,,,,
,,,,,,,,,,,,,,,,,,,,,,,
,,,,,,,,,,,,,,,,,,,,,,,
,,,,,,,,,,,,,,,,,,,,,,,
,,,,,,,,,,,,,,,,,,,,,,,
,,,,,,,,,,,,,,,,,,,,,,,
,,,,,,,,,,,,,,,,,,,,,,,
,,,,,,,,,,,,,,,,,,,,,,,
,,,,,,,,,,,,,,,,,,,,,,,
,,,,,,,,,,,,,,,,,,,,,,,
,,,,,,,,,,,,,,,,,,,,,,,
,,,,,,,,,,,,,,,,,,,,,,,
,,,,,,,,,,,,,,,,,,,,,,,
,,,,,,,,,,,,,,,,,,,,,,,
,,,,,,,,,,,,,,,,,,,,,,,
,,,,,,,,,,,,,,,,,,,,,,,
,,,,,,,,,,,,,,,,,,,,,,,
,,,,,,,,,,,,,,,,,,,,,,,
,,,,,,,,,,,,,,,,,,,,,,,
,,,,,,,,,,,,,,,,,,,,,,,
,,,,,,,,,,,,,,,,,,,,,,,
,,,,,,,,,,,,,,,,,,,,,,,
,,,,,,,,,,,,,,,,,,,,,,,
,,,,,,,,,,,,,,,,,,,,,,,
,,,,,,,,,,,,,,,,,,,,,,,
,,,,,,,,,,,,,,,,,,,,,,,
,,,,,,,,,,,,,,,,,,,,,,,
,,,,,,,,,,,,,,,,,,,,,,,
,,,,,,,,,,,,,,,,,,,,,,,
,,,,,,,,,,,,,,,,,,,,,,,
,,,,,,,,,,,,,,,,,,,,,,,
,,,,,,,,,,,,,,,,,,,,,,,
,,,,,,,,,,,,,,,,,,,,,,,
,,,,,,,,,,,,,,,,,,,,,,,
,,,,,,,,,,,,,,,,,,,,,,,
,,,,,,,,,,,,,,,,,,,,,,,
,,,,,,,,,,,,,,,,,,,,,,,
,,,,,,,,,,,,,,,,,,,,,,,
,,,,,,,,,,,,,,,,,,,,,,,
,,,,,,,,,,,,,,,,,,,,,,,
,,,,,,,,,,,,,,,,,,,,,,,
,,,,,,,,,,,,,,,,,,,,,,,
,,,,,,,,,,,,,,,,,,,,,,,
,,,,,,,,,,,,,,,,,,,,,,,
,,,,,,,,,,,,,,,,,,,,,,,
,,,,,,,,,,,,,,,,,,,,,,,
,,,,,,,,,,,,,,,,,,,,,,,
,,,,,,,,,,,,,,,,,,,,,,,
,,,,,,,,,,,,,,,,,,,,,,,
,,,,,,,,,,,,,,,,,,,,,,,
,,,,,,,,,,,,,,,,,,,,,,,
,,,,,,,,,,,,,,,,,,,,,,,
,,,,,,,,,,,,,,,,,,,,,,,
,,,,,,,,,,,,,,,,,,,,,,,
,,,,,,,,,,,,,,,,,,,,,,,
,,,,,,,,,,,,,,,,,,,,,,,
,,,,,,,,,,,,,,,,,,,,,,,
,,,,,,,,,,,,,,,,,,,,,,,
,,,,,,,,,,,,,,,,,,,,,,,
,,,,,,,,,,,,,,,,,,,,,,,
,,,,,,,,,,,,,,,,,,,,,,,
,,,,,,,,,,,,,,,,,,,,,,,
,,,,,,,,,,,,,,,,,,,,,,,
,,,,,,,,,,,,,,,,,,,,,,,
,,,,,,,,,,,,,,,,,,,,,,,
,,,,,,,,,,,,,,,,,,,,,,,
,,,,,,,,,,,,,,,,,,,,,,,
,,,,,,,,,,,,,,,,,,,,,,,
,,,,,,,,,,,,,,,,,,,,,,,
,,,,,,,,,,,,,,,,,,,,,,,
,,,,,,,,,,,,,,,,,,,,,,,
,,,,,,,,,,,,,,,,,,,,,,,
,,,,,,,,,,,,,,,,,,,,,,,
,,,,,,,,,,,,,,,,,,,,,,,
,,,,,,,,,,,,,,,,,,,,,,,
,,,,,,,,,,,,,,,,,,,,,,,
,,,,,,,,,,,,,,,,,,,,,,,
,,,,,,,,,,,,,,,,,,,,,,,
,,,,,,,,,,,,,,,,,,,,,,,
,,,,,,,,,,,,,,,,,,,,,,,
,,,,,,,,,,,,,,,,,,,,,,,
,,,,,,,,,,,,,,,,,,,,,,,
,,,,,,,,,,,,,,,,,,,,,,,
,,,,,,,,,,,,,,,,,,,,,,,
,,,,,,,,,,,,,,,,,,,,,,,
,,,,,,,,,,,,,,,,,,,,,,,
,,,,,,,,,,,,,,,,,,,,,,,
,,,,,,,,,,,,,,,,,,,,,,,
,,,,,,,,,,,,,,,,,,,,,,,
,,,,,,,,,,,,,,,,,,,,,,,
,,,,,,,,,,,,,,,,,,,,,,,
,,,,,,,,,,,,,,,,,,,,,,,
,,,,,,,,,,,,,,,,,,,,,,,
,,,,,,,,,,,,,,,,,,,,,,,
,,,,,,,,,,,,,,,,,,,,,,,
,,,,,,,,,,,,,,,,,,,,,,,
,,,,,,,,,,,,,,,,,,,,,,,
,,,,,,,,,,,,,,,,,,,,,,,
,,,,,,,,,,,,,,,,,,,,,,,
,,,,,,,,,,,,,,,,,,,,,,,
,,,,,,,,,,,,,,,,,,,,,,,
,,,,,,,,,,,,,,,,,,,,,,,
,,,,,,,,,,,,,,,,,,,,,,,
,,,,,,,,,,,,,,,,,,,,,,,
,,,,,,,,,,,,,,,,,,,,,,,
,,,,,,,,,,,,,,,,,,,,,,,
,,,,,,,,,,,,,,,,,,,,,,,
,,,,,,,,,,,,,,,,,,,,,,,
,,,,,,,,,,,,,,,,,,,,,,,
,,,,,,,,,,,,,,,,,,,,,,,
,,,,,,,,,,,,,,,,,,,,,,,
,,,,,,,,,,,,,,,,,,,,,,,
,,,,,,,,,,,,,,,,,,,,,,,
,,,,,,,,,,,,,,,,,,,,,,,
,,,,,,,,,,,,,,,,,,,,,,,
,,,,,,,,,,,,,,,,,,,,,,,
,,,,,,,,,,,,,,,,,,,,,,,
,,,,,,,,,,,,,,,,,,,,,,,
,,,,,,,,,,,,,,,,,,,,,,,
,,,,,,,,,,,,,,,,,,,,,,,
,,,,,,,,,,,,,,,,,,,,,,,
,,,,,,,,,,,,,,,,,,,,,,,
,,,,,,,,,,,,,,,,,,,,,,,
,,,,,,,,,,,,,,,,,,,,,,,
,,,,,,,,,,,,,,,,,,,,,,,
,,,,,,,,,,,,,,,,,,,,,,,
,,,,,,,,,,,,,,,,,,,,,,,
,,,,,,,,,,,,,,,,,,,,,,,
,,,,,,,,,,,,,,,,,,,,,,,
,,,,,,,,,,,,,,,,,,,,,,,
,,,,,,,,,,,,,,,,,,,,,,,
,,,,,,,,,,,,,,,,,,,,,,,
,,,,,,,,,,,,,,,,,,,,,,,
,,,,,,,,,,,,,,,,,,,,,,,
,,,,,,,,,,,,,,,,,,,,,,,
,,,,,,,,,,,,,,,,,,,,,,,
,,,,,,,,,,,,,,,,,,,,,,,
,,,,,,,,,,,,,,,,,,,,,,,
,,,,,,,,,,,,,,,,,,,,,,,
,,,,,,,,,,,,,,,,,,,,,,,
,,,,,,,,,,,,,,,,,,,,,,,
,,,,,,,,,,,,,,,,,,,,,,,
,,,,,,,,,,,,,,,,,,,,,,,
,,,,,,,,,,,,,,,,,,,,,,,
,,,,,,,,,,,,,,,,,,,,,,,
,,,,,,,,,,,,,,,,,,,,,,,
,,,,,,,,,,,,,,,,,,,,,,,
,,,,,,,,,,,,,,,,,,,,,,,
,,,,,,,,,,,,,,,,,,,,,,,
,,,,,,,,,,,,,,,,,,,,,,,
,,,,,,,,,,,,,,,,,,,,,,,
,,,,,,,,,,,,,,,,,,,,,,,
,,,,,,,,,,,,,,,,,,,,,,,
,,,,,,,,,,,,,,,,,,,,,,,
,,,,,,,,,,,,,,,,,,,,,,,
,,,,,,,,,,,,,,,,,,,,,,,
,,,,,,,,,,,,,,,,,,,,,,,
,,,,,,,,,,,,,,,,,,,,,,,
,,,,,,,,,,,,,,,,,,,,,,,
,,,,,,,,,,,,,,,,,,,,,,,
,,,,,,,,,,,,,,,,,,,,,,,
,,,,,,,,,,,,,,,,,,,,,,,
,,,,,,,,,,,,,,,,,,,,,,,
,,,,,,,,,,,,,,,,,,,,,,,
,,,,,,,,,,,,,,,,,,,,,,,
,,,,,,,,,,,,,,,,,,,,,,,
,,,,,,,,,,,,,,,,,,,,,,,
,,,,,,,,,,,,,,,,,,,,,,,
,,,,,,,,,,,,,,,,,,,,,,,
,,,,,,,,,,,,,,,,,,,,,,,
,,,,,,,,,,,,,,,,,,,,,,,
,,,,,,,,,,,,,,,,,,,,,,,
,,,,,,,,,,,,,,,,,,,,,,,
,,,,,,,,,,,,,,,,,,,,,,,
,,,,,,,,,,,,,,,,,,,,,,,
,,,,,,,,,,,,,,,,,,,,,,,
,,,,,,,,,,,,,,,,,,,,,,,
,,,,,,,,,,,,,,,,,,,,,,,
,,,,,,,,,,,,,,,,,,,,,,,
,,,,,,,,,,,,,,,,,,,,,,,
,,,,,,,,,,,,,,,,,,,,,,,
,,,,,,,,,,,,,,,,,,,,,,,
,,,,,,,,,,,,,,,,,,,,,,,
,,,,,,,,,,,,,,,,,,,,,,,
,,,,,,,,,,,,,,,,,,,,,,,
,,,,,,,,,,,,,,,,,,,,,,,
,,,,,,,,,,,,,,,,,,,,,,,
,,,,,,,,,,,,,,,,,,,,,,,
,,,,,,,,,,,,,,,,,,,,,,,
,,,,,,,,,,,,,,,,,,,,,,,
,,,,,,,,,,,,,,,,,,,,,,,
,,,,,,,,,,,,,,,,,,,,,,,
,,,,,,,,,,,,,,,,,,,,,,,
,,,,,,,,,,,,,,,,,,,,,,,
,,,,,,,,,,,,,,,,,,,,,,,
,,,,,,,,,,,,,,,,,,,,,,,
,,,,,,,,,,,,,,,,,,,,,,,
,,,,,,,,,,,,,,,,,,,,,,,
,,,,,,,,,,,,,,,,,,,,,,,
,,,,,,,,,,,,,,,,,,,,,,,
,,,,,,,,,,,,,,,,,,,,,,,
,,,,,,,,,,,,,,,,,,,,,,,
,,,,,,,,,,,,,,,,,,,,,,,
,,,,,,,,,,,,,,,,,,,,,,,
,,,,,,,,,,,,,,,,,,,,,,,
,,,,,,,,,,,,,,,,,,,,,,,
,,,,,,,,,,,,,,,,,,,,,,,
,,,,,,,,,,,,,,,,,,,,,,,
,,,,,,,,,,,,,,,,,,,,,,,
,,,,,,,,,,,,,,,,,,,,,,,
,,,,,,,,,,,,,,,,,,,,,,,
,,,,,,,,,,,,,,,,,,,,,,,
,,,,,,,,,,,,,,,,,,,,,,,
,,,,,,,,,,,,,,,,,,,,,,,
,,,,,,,,,,,,,,,,,,,,,,,
,,,,,,,,,,,,,,,,,,,,,,,
,,,,,,,,,,,,,,,,,,,,,,,
,,,,,,,,,,,,,,,,,,,,,,,
,,,,,,,,,,,,,,,,,,,,,,,
,,,,,,,,,,,,,,,,,,,,,,,
,,,,,,,,,,,,,,,,,,,,,,,
,,,,,,,,,,,,,,,,,,,,,,,
,,,,,,,,,,,,,,,,,,,,,,,
,,,,,,,,,,,,,,,,,,,,,,,
,,,,,,,,,,,,,,,,,,,,,,,
,,,,,,,,,,,,,,,,,,,,,,,
,,,,,,,,,,,,,,,,,,,,,,,
,,,,,,,,,,,,,,,,,,,,,,,
,,,,,,,,,,,,,,,,,,,,,,,
,,,,,,,,,,,,,,,,,,,,,,,
,,,,,,,,,,,,,,,,,,,,,,,
,,,,,,,,,,,,,,,,,,,,,,,
,,,,,,,,,,,,,,,,,,,,,,,
,,,,,,,,,,,,,,,,,,,,,,,
,,,,,,,,,,,,,,,,,,,,,,,
,,,,,,,,,,,,,,,,,,,,,,,
,,,,,,,,,,,,,,,,,,,,,,,
,,,,,,,,,,,,,,,,,,,,,,,
,,,,,,,,,,,,,,,,,,,,,,,
,,,,,,,,,,,,,,,,,,,,,,,
,,,,,,,,,,,,,,,,,,,,,,,
,,,,,,,,,,,,,,,,,,,,,,,
,,,,,,,,,,,,,,,,,,,,,,,
,,,,,,,,,,,,,,,,,,,,,,,
,,,,,,,,,,,,,,,,,,,,,,,
,,,,,,,,,,,,,,,,,,,,,,,
,,,,,,,,,,,,,,,,,,,,,,,
,,,,,,,,,,,,,,,,,,,,,,,
,,,,,,,,,,,,,,,,,,,,,,,
,,,,,,,,,,,,,,,,,,,,,,,
,,,,,,,,,,,,,,,,,,,,,,,
,,,,,,,,,,,,,,,,,,,,,,,
,,,,,,,,,,,,,,,,,,,,,,,
,,,,,,,,,,,,,,,,,,,,,,,
,,,,,,,,,,,,,,,,,,,,,,,
,,,,,,,,,,,,,,,,,,,,,,,
,,,,,,,,,,,,,,,,,,,,,,,
,,,,,,,,,,,,,,,,,,,,,,,
,,,,,,,,,,,,,,,,,,,,,,,
,,,,,,,,,,,,,,,,,,,,,,,
,,,,,,,,,,,,,,,,,,,,,,,
,,,,,,,,,,,,,,,,,,,,,,,
,,,,,,,,,,,,,,,,,,,,,,,
,,,,,,,,,,,,,,,,,,,,,,,
,,,,,,,,,,,,,,,,,,,,,,,
,,,,,,,,,,,,,,,,,,,,,,,
,,,,,,,,,,,,,,,,,,,,,,,
,,,,,,,,,,,,,,,,,,,,,,,
,,,,,,,,,,,,,,,,,,,,,,,
,,,,,,,,,,,,,,,,,,,,,,,
,,,,,,,,,,,,,,,,,,,,,,,
,,,,,,,,,,,,,,,,,,,,,,,
,,,,,,,,,,,,,,,,,,,,,,,
,,,,,,,,,,,,,,,,,,,,,,,
,,,,,,,,,,,,,,,,,,,,,,,
,,,,,,,,,,,,,,,,,,,,,,,
,,,,,,,,,,,,,,,,,,,,,,,
,,,,,,,,,,,,,,,,,,,,,,,
,,,,,,,,,,,,,,,,,,,,,,,
,,,,,,,,,,,,,,,,,,,,,,,
,,,,,,,,,,,,,,,,,,,,,,,
,,,,,,,,,,,,,,,,,,,,,,,
,,,,,,,,,,,,,,,,,,,,,,,
,,,,,,,,,,,,,,,,,,,,,,,
,,,,,,,,,,,,,,,,,,,,,,,
,,,,,,,,,,,,,,,,,,,,,,,
,,,,,,,,,,,,,,,,,,,,,,,
,,,,,,,,,,,,,,,,,,,,,,,
,,,,,,,,,,,,,,,,,,,,,,,
,,,,,,,,,,,,,,,,,,,,,,,
,,,,,,,,,,,,,,,,,,,,,,,
,,,,,,,,,,,,,,,,,,,,,,,
,,,,,,,,,,,,,,,,,,,,,,,
,,,,,,,,,,,,,,,,,,,,,,,
,,,,,,,,,,,,,,,,,,,,,,,
,,,,,,,,,,,,,,,,,,,,,,,
,,,,,,,,,,,,,,,,,,,,,,,
,,,,,,,,,,,,,,,,,,,,,,,
,,,,,,,,,,,,,,,,,,,,,,,
,,,,,,,,,,,,,,,,,,,,,,,
,,,,,,,,,,,,,,,,,,,,,,,
,,,,,,,,,,,,,,,,,,,,,,,
,,,,,,,,,,,,,,,,,,,,,,,
,,,,,,,,,,,,,,,,,,,,,,,
,,,,,,,,,,,,,,,,,,,,,,,
,,,,,,,,,,,,,,,,,,,,,,,
,,,,,,,,,,,,,,,,,,,,,,,
,,,,,,,,,,,,,,,,,,,,,,,
,,,,,,,,,,,,,,,,,,,,,,,
,,,,,,,,,,,,,,,,,,,,,,,
,,,,,,,,,,,,,,,,,,,,,,,
,,,,,,,,,,,,,,,,,,,,,,,
,,,,,,,,,,,,,,,,,,,,,,,
,,,,,,,,,,,,,,,,,,,,,,,
,,,,,,,,,,,,,,,,,,,,,,,
,,,,,,,,,,,,,,,,,,,,,,,
,,,,,,,,,,,,,,,,,,,,,,,
,,,,,,,,,,,,,,,,,,,,,,,
,,,,,,,,,,,,,,,,,,,,,,,
,,,,,,,,,,,,,,,,,,,,,,,
,,,,,,,,,,,,,,,,,,,,,,,
,,,,,,,,,,,,,,,,,,,,,,,
,,,,,,,,,,,,,,,,,,,,,,,
,,,,,,,,,,,,,,,,,,,,,,,
,,,,,,,,,,,,,,,,,,,,,,,
,,,,,,,,,,,,,,,,,,,,,,,
,,,,,,,,,,,,,,,,,,,,,,,
,,,,,,,,,,,,,,,,,,,,,,,
,,,,,,,,,,,,,,,,,,,,,,,
,,,,,,,,,,,,,,,,,,,,,,,
,,,,,,,,,,,,,,,,,,,,,,,
,,,,,,,,,,,,,,,,,,,,,,,
,,,,,,,,,,,,,,,,,,,,,,,
,,,,,,,,,,,,,,,,,,,,,,,
,,,,,,,,,,,,,,,,,,,,,,,
,,,,,,,,,,,,,,,,,,,,,,,
,,,,,,,,,,,,,,,,,,,,,,,
,,,,,,,,,,,,,,,,,,,,,,,
,,,,,,,,,,,,,,,,,,,,,,,
,,,,,,,,,,,,,,,,,,,,,,,
,,,,,,,,,,,,,,,,,,,,,,,
,,,,,,,,,,,,,,,,,,,,,,,
,,,,,,,,,,,,,,,,,,,,,,,
,,,,,,,,,,,,,,,,,,,,,,,
,,,,,,,,,,,,,,,,,,,,,,,
,,,,,,,,,,,,,,,,,,,,,,,
,,,,,,,,,,,,,,,,,,,,,,,
,,,,,,,,,,,,,,,,,,,,,,,
,,,,,,,,,,,,,,,,,,,,,,,
,,,,,,,,,,,,,,,,,,,,,,,
,,,,,,,,,,,,,,,,,,,,,,,
,,,,,,,,,,,,,,,,,,,,,,,
,,,,,,,,,,,,,,,,,,,,,,,
,,,,,,,,,,,,,,,,,,,,,,,
,,,,,,,,,,,,,,,,,,,,,,,
,,,,,,,,,,,,,,,,,,,,,,,
,,,,,,,,,,,,,,,,,,,,,,,
,,,,,,,,,,,,,,,,,,,,,,,
,,,,,,,,,,,,,,,,,,,,,,,
,,,,,,,,,,,,,,,,,,,,,,,
,,,,,,,,,,,,,,,,,,,,,,,
,,,,,,,,,,,,,,,,,,,,,,,
,,,,,,,,,,,,,,,,,,,,,,,
,,,,,,,,,,,,,,,,,,,,,,,
,,,,,,,,,,,,,,,,,,,,,,,
,,,,,,,,,,,,,,,,,,,,,,,
,,,,,,,,,,,,,,,,,,,,,,,
,,,,,,,,,,,,,,,,,,,,,,,
,,,,,,,,,,,,,,,,,,,,,,,
,,,,,,,,,,,,,,,,,,,,,,,
,,,,,,,,,,,,,,,,,,,,,,,
,,,,,,,,,,,,,,,,,,,,,,,
,,,,,,,,,,,,,,,,,,,,,,,
,,,,,,,,,,,,,,,,,,,,,,,
,,,,,,,,,,,,,,,,,,,,,,,
,,,,,,,,,,,,,,,,,,,,,,,
,,,,,,,,,,,,,,,,,,,,,,,
,,,,,,,,,,,,,,,,,,,,,,,
,,,,,,,,,,,,,,,,,,,,,,,
,,,,,,,,,,,,,,,,,,,,,,,
,,,,,,,,,,,,,,,,,,,,,,,
,,,,,,,,,,,,,,,,,,,,,,,
,,,,,,,,,,,,,,,,,,,,,,,
,,,,,,,,,,,,,,,,,,,,,,,
,,,,,,,,,,,,,,,,,,,,,,,
,,,,,,,,,,,,,,,,,,,,,,,
,,,,,,,,,,,,,,,,,,,,,,,
,,,,,,,,,,,,,,,,,,,,,,,
,,,,,,,,,,,,,,,,,,,,,,,
,,,,,,,,,,,,,,,,,,,,,,,
,,,,,,,,,,,,,,,,,,,,,,,
,,,,,,,,,,,,,,,,,,,,,,,
,,,,,,,,,,,,,,,,,,,,,,,
,,,,,,,,,,,,,,,,,,,,,,,
,,,,,,,,,,,,,,,,,,,,,,,
,,,,,,,,,,,,,,,,,,,,,,,
,,,,,,,,,,,,,,,,,,,,,,,
,,,,,,,,,,,,,,,,,,,,,,,
,,,,,,,,,,,,,,,,,,,,,,,
,,,,,,,,,,,,,,,,,,,,,,,
,,,,,,,,,,,,,,,,,,,,,,,
,,,,,,,,,,,,,,,,,,,,,,,
,,,,,,,,,,,,,,,,,,,,,,,
,,,,,,,,,,,,,,,,,,,,,,,
,,,,,,,,,,,,,,,,,,,,,,,
,,,,,,,,,,,,,,,,,,,,,,,
,,,,,,,,,,,,,,,,,,,,,,,
,,,,,,,,,,,,,,,,,,,,,,,
,,,,,,,,,,,,,,,,,,,,,,,
,,,,,,,,,,,,,,,,,,,,,,,
,,,,,,,,,,,,,,,,,,,,,,,
,,,,,,,,,,,,,,,,,,,,,,,
,,,,,,,,,,,,,,,,,,,,,,,
,,,,,,,,,,,,,,,,,,,,,,,
,,,,,,,,,,,,,,,,,,,,,,,
,,,,,,,,,,,,,,,,,,,,,,,
,,,,,,,,,,,,,,,,,,,,,,,
,,,,,,,,,,,,,,,,,,,,,,,
,,,,,,,,,,,,,,,,,,,,,,,
,,,,,,,,,,,,,,,,,,,,,,,
,,,,,,,,,,,,,,,,,,,,,,,
,,,,,,,,,,,,,,,,,,,,,,,
,,,,,,,,,,,,,,,,,,,,,,,
,,,,,,,,,,,,,,,,,,,,,,,
,,,,,,,,,,,,,,,,,,,,,,,
,,,,,,,,,,,,,,,,,,,,,,,
,,,,,,,,,,,,,,,,,,,,,,,
,,,,,,,,,,,,,,,,,,,,,,,
,,,,,,,,,,,,,,,,,,,,,,,
,,,,,,,,,,,,,,,,,,,,,,,
,,,,,,,,,,,,,,,,,,,,,,,
,,,,,,,,,,,,,,,,,,,,,,,
,,,,,,,,,,,,,,,,,,,,,,,
,,,,,,,,,,,,,,,,,,,,,,,
,,,,,,,,,,,,,,,,,,,,,,,
,,,,,,,,,,,,,,,,,,,,,,,
,,,,,,,,,,,,,,,,,,,,,,,
,,,,,,,,,,,,,,,,,,,,,,,
,,,,,,,,,,,,,,,,,,,,,,,
,,,,,,,,,,,,,,,,,,,,,,,
,,,,,,,,,,,,,,,,,,,,,,,
,,,,,,,,,,,,,,,,,,,,,,,
,,,,,,,,,,,,,,,,,,,,,,,
,,,,,,,,,,,,,,,,,,,,,,,
,,,,,,,,,,,,,,,,,,,,,,,
,,,,,,,,,,,,,,,,,,,,,,,
,,,,,,,,,,,,,,,,,,,,,,,
,,,,,,,,,,,,,,,,,,,,,,,
,,,,,,,,,,,,,,,,,,,,,,,
,,,,,,,,,,,,,,,,,,,,,,,
,,,,,,,,,,,,,,,,,,,,,,,
,,,,,,,,,,,,,,,,,,,,,,,
,,,,,,,,,,,,,,,,,,,,,,,
,,,,,,,,,,,,,,,,,,,,,,,
,,,,,,,,,,,,,,,,,,,,,,,
,,,,,,,,,,,,,,,,,,,,,,,
,,,,,,,,,,,,,,,,,,,,,,,
,,,,,,,,,,,,,,,,,,,,,,,
,,,,,,,,,,,,,,,,,,,,,,,
,,,,,,,,,,,,,,,,,,,,,,,
,,,,,,,,,,,,,,,,,,,,,,,
,,,,,,,,,,,,,,,,,,,,,,,
,,,,,,,,,,,,,,,,,,,,,,,
,,,,,,,,,,,,,,,,,,,,,,,
,,,,,,,,,,,,,,,,,,,,,,,
,,,,,,,,,,,,,,,,,,,,,,,
,,,,,,,,,,,,,,,,,,,,,,,
,,,,,,,,,,,,,,,,,,,,,,,
,,,,,,,,,,,,,,,,,,,,,,,
,,,,,,,,,,,,,,,,,,,,,,,
,,,,,,,,,,,,,,,,,,,,,,,
,,,,,,,,,,,,,,,,,,,,,,,
,,,,,,,,,,,,,,,,,,,,,,,
,,,,,,,,,,,,,,,,,,,,,,,
,,,,,,,,,,,,,,,,,,,,,,,
,,,,,,,,,,,,,,,,,,,,,,,
,,,,,,,,,,,,,,,,,,,,,,,
,,,,,,,,,,,,,,,,,,,,,,,
,,,,,,,,,,,,,,,,,,,,,,,
,,,,,,,,,,,,,,,,,,,,,,,
,,,,,,,,,,,,,,,,,,,,,,,
,,,,,,,,,,,,,,,,,,,,,,,
,,,,,,,,,,,,,,,,,,,,,,,
,,,,,,,,,,,,,,,,,,,,,,,
,,,,,,,,,,,,,,,,,,,,,,,
,,,,,,,,,,,,,,,,,,,,,,,
,,,,,,,,,,,,,,,,,,,,,,,
,,,,,,,,,,,,,,,,,,,,,,,
,,,,,,,,,,,,,,,,,,,,,,,
,,,,,,,,,,,,,,,,,,,,,,,
,,,,,,,,,,,,,,,,,,,,,,,
,,,,,,,,,,,,,,,,,,,,,,,
,,,,,,,,,,,,,,,,,,,,,,,
,,,,,,,,,,,,,,,,,,,,,,,
,,,,,,,,,,,,,,,,,,,,,,,
,,,,,,,,,,,,,,,,,,,,,,,
,,,,,,,,,,,,,,,,,,,,,,,
,,,,,,,,,,,,,,,,,,,,,,,
,,,,,,,,,,,,,,,,,,,,,,,
,,,,,,,,,,,,,,,,,,,,,,,
,,,,,,,,,,,,,,,,,,,,,,,
,,,,,,,,,,,,,,,,,,,,,,,
,,,,,,,,,,,,,,,,,,,,,,,
,,,,,,,,,,,,,,,,,,,,,,,
,,,,,,,,,,,,,,,,,,,,,,,
,,,,,,,,,,,,,,,,,,,,,,,
,,,,,,,,,,,,,,,,,,,,,,,
,,,,,,,,,,,,,,,,,,,,,,,
,,,,,,,,,,,,,,,,,,,,,,,
,,,,,,,,,,,,,,,,,,,,,,,
,,,,,,,,,,,,,,,,,,,,,,,
,,,,,,,,,,,,,,,,,,,,,,,
,,,,,,,,,,,,,,,,,,,,,,,
,,,,,,,,,,,,,,,,,,,,,,,
,,,,,,,,,,,,,,,,,,,,,,,
,,,,,,,,,,,,,,,,,,,,,,,
,,,,,,,,,,,,,,,,,,,,,,,
,,,,,,,,,,,,,,,,,,,,,,,
,,,,,,,,,,,,,,,,,,,,,,,
,,,,,,,,,,,,,,,,,,,,,,,
,,,,,,,,,,,,,,,,,,,,,,,
,,,,,,,,,,,,,,,,,,,,,,,
,,,,,,,,,,,,,,,,,,,,,,,
,,,,,,,,,,,,,,,,,,,,,,,
,,,,,,,,,,,,,,,,,,,,,,,
,,,,,,,,,,,,,,,,,,,,,,,
,,,,,,,,,,,,,,,,,,,,,,,
,,,,,,,,,,,,,,,,,,,,,,,
,,,,,,,,,,,,,,,,,,,,,,,
,,,,,,,,,,,,,,,,,,,,,,,
,,,,,,,,,,,,,,,,,,,,,,,
,,,,,,,,,,,,,,,,,,,,,,,
,,,,,,,,,,,,,,,,,,,,,,,
,,,,,,,,,,,,,,,,,,,,,,,
,,,,,,,,,,,,,,,,,,,,,,,
,,,,,,,,,,,,,,,,,,,,,,,
,,,,,,,,,,,,,,,,,,,,,,,
,,,,,,,,,,,,,,,,,,,,,,,
,,,,,,,,,,,,,,,,,,,,,,,
,,,,,,,,,,,,,,,,,,,,,,,
,,,,,,,,,,,,,,,,,,,,,,,
,,,,,,,,,,,,,,,,,,,,,,,
,,,,,,,,,,,,,,,,,,,,,,,
,,,,,,,,,,,,,,,,,,,,,,,
,,,,,,,,,,,,,,,,,,,,,,,
,,,,,,,,,,,,,,,,,,,,,,,
,,,,,,,,,,,,,,,,,,,,,,,
,,,,,,,,,,,,,,,,,,,,,,,
,,,,,,,,,,,,,,,,,,,,,,,
,,,,,,,,,,,,,,,,,,,,,,,
,,,,,,,,,,,,,,,,,,,,,,,
,,,,,,,,,,,,,,,,,,,,,,,
,,,,,,,,,,,,,,,,,,,,,,,
,,,,,,,,,,,,,,,,,,,,,,,
,,,,,,,,,,,,,,,,,,,,,,,
,,,,,,,,,,,,,,,,,,,,,,,
,,,,,,,,,,,,,,,,,,,,,,,
,,,,,,,,,,,,,,,,,,,,,,,
,,,,,,,,,,,,,,,,,,,,,,,
,,,,,,,,,,,,,,,,,,,,,,,
,,,,,,,,,,,,,,,,,,,,,,,
,,,,,,,,,,,,,,,,,,,,,,,
,,,,,,,,,,,,,,,,,,,,,,,
,,,,,,,,,,,,,,,,,,,,,,,
,,,,,,,,,,,,,,,,,,,,,,,
,,,,,,,,,,,,,,,,,,,,,,,
,,,,,,,,,,,,,,,,,,,,,,,
,,,,,,,,,,,,,,,,,,,,,,,
,,,,,,,,,,,,,,,,,,,,,,,
,,,,,,,,,,,,,,,,,,,,,,,
,,,,,,,,,,,,,,,,,,,,,,,
,,,,,,,,,,,,,,,,,,,,,,,
,,,,,,,,,,,,,,,,,,,,,,,
,,,,,,,,,,,,,,,,,,,,,,,
,,,,,,,,,,,,,,,,,,,,,,,
,,,,,,,,,,,,,,,,,,,,,,,
,,,,,,,,,,,,,,,,,,,,,,,
,,,,,,,,,,,,,,,,,,,,,,,
,,,,,,,,,,,,,,,,,,,,,,,
,,,,,,,,,,,,,,,,,,,,,,,
,,,,,,,,,,,,,,,,,,,,,,,
,,,,,,,,,,,,,,,,,,,,,,,
,,,,,,,,,,,,,,,,,,,,,,,
,,,,,,,,,,,,,,,,,,,,,,,
,,,,,,,,,,,,,,,,,,,,,,,
,,,,,,,,,,,,,,,,,,,,,,,
,,,,,,,,,,,,,,,,,,,,,,,
,,,,,,,,,,,,,,,,,,,,,,,
,,,,,,,,,,,,,,,,,,,,,,,
,,,,,,,,,,,,,,,,,,,,,,,
,,,,,,,,,,,,,,,,,,,,,,,
,,,,,,,,,,,,,,,,,,,,,,,
,,,,,,,,,,,,,,,,,,,,,,,
,,,,,,,,,,,,,,,,,,,,,,,
,,,,,,,,,,,,,,,,,,,,,,,
,,,,,,,,,,,,,,,,,,,,,,,
,,,,,,,,,,,,,,,,,,,,,,,
,,,,,,,,,,,,,,,,,,,,,,,
,,,,,,,,,,,,,,,,,,,,,,,
,,,,,,,,,,,,,,,,,,,,,,,
,,,,,,,,,,,,,,,,,,,,,,,
,,,,,,,,,,,,,,,,,,,,,,,
,,,,,,,,,,,,,,,,,,,,,,,
,,,,,,,,,,,,,,,,,,,,,,,
,,,,,,,,,,,,,,,,,,,,,,,
,,,,,,,,,,,,,,,,,,,,,,,
,,,,,,,,,,,,,,,,,,,,,,,
,,,,,,,,,,,,,,,,,,,,,,,
,,,,,,,,,,,,,,,,,,,,,,,
,,,,,,,,,,,,,,,,,,,,,,,
,,,,,,,,,,,,,,,,,,,,,,,
,,,,,,,,,,,,,,,,,,,,,,,
,,,,,,,,,,,,,,,,,,,,,,,
,,,,,,,,,,,,,,,,,,,,,,,
,,,,,,,,,,,,,,,,,,,,,,,
,,,,,,,,,,,,,,,,,,,,,,,
,,,,,,,,,,,,,,,,,,,,,,,
,,,,,,,,,,,,,,,,,,,,,,,
,,,,,,,,,,,,,,,,,,,,,,,
,,,,,,,,,,,,,,,,,,,,,,,
,,,,,,,,,,,,,,,,,,,,,,,
,,,,,,,,,,,,,,,,,,,,,,,
,,,,,,,,,,,,,,,,,,,,,,,
,,,,,,,,,,,,,,,,,,,,,,,
,,,,,,,,,,,,,,,,,,,,,,,
,,,,,,,,,,,,,,,,,,,,,,,
,,,,,,,,,,,,,,,,,,,,,,,
,,,,,,,,,,,,,,,,,,,,,,,
,,,,,,,,,,,,,,,,,,,,,,,
,,,,,,,,,,,,,,,,,,,,,,,
,,,,,,,,,,,,,,,,,,,,,,,
,,,,,,,,,,,,,,,,,,,,,,,
,,,,,,,,,,,,,,,,,,,,,,,
,,,,,,,,,,,,,,,,,,,,,,,
,,,,,,,,,,,,,,,,,,,,,,,
,,,,,,,,,,,,,,,,,,,,,,,
,,,,,,,,,,,,,,,,,,,,,,,
,,,,,,,,,,,,,,,,,,,,,,,
,,,,,,,,,,,,,,,,,,,,,,,
,,,,,,,,,,,,,,,,,,,,,,,
,,,,,,,,,,,,,,,,,,,,,,,
,,,,,,,,,,,,,,,,,,,,,,,
,,,,,,,,,,,,,,,,,,,,,,,
,,,,,,,,,,,,,,,,,,,,,,,
,,,,,,,,,,,,,,,,,,,,,,,
,,,,,,,,,,,,,,,,,,,,,,,
,,,,,,,,,,,,,,,,,,,,,,,
,,,,,,,,,,,,,,,,,,,,,,,
,,,,,,,,,,,,,,,,,,,,,,,
,,,,,,,,,,,,,,,,,,,,,,,
,,,,,,,,,,,,,,,,,,,,,,,
,,,,,,,,,,,,,,,,,,,,,,,
,,,,,,,,,,,,,,,,,,,,,,,
,,,,,,,,,,,,,,,,,,,,,,,
,,,,,,,,,,,,,,,,,,,,,,,
,,,,,,,,,,,,,,,,,,,,,,,
,,,,,,,,,,,,,,,,,,,,,,,
,,,,,,,,,,,,,,,,,,,,,,,
,,,,,,,,,,,,,,,,,,,,,,,
,,,,,,,,,,,,,,,,,,,,,,,
,,,,,,,,,,,,,,,,,,,,,,,
,,,,,,,,,,,,,,,,,,,,,,,
,,,,,,,,,,,,,,,,,,,,,,,
,,,,,,,,,,,,,,,,,,,,,,,
,,,,,,,,,,,,,,,,,,,,,,,
,,,,,,,,,,,,,,,,,,,,,,,
,,,,,,,,,,,,,,,,,,,,,,,
,,,,,,,,,,,,,,,,,,,,,,,
,,,,,,,,,,,,,,,,,,,,,,,
,,,,,,,,,,,,,,,,,,,,,,,
,,,,,,,,,,,,,,,,,,,,,,,
,,,,,,,,,,,,,,,,,,,,,,,
,,,,,,,,,,,,,,,,,,,,,,,
,,,,,,,,,,,,,,,,,,,,,,,
,,,,,,,,,,,,,,,,,,,,,,,
,,,,,,,,,,,,,,,,,,,,,,,
,,,,,,,,,,,,,,,,,,,,,,,
,,,,,,,,,,,,,,,,,,,,,,,
,,,,,,,,,,,,,,,,,,,,,,,
,,,,,,,,,,,,,,,,,,,,,,,
,,,,,,,,,,,,,,,,,,,,,,,
,,,,,,,,,,,,,,,,,,,,,,,
,,,,,,,,,,,,,,,,,,,,,,,
,,,,,,,,,,,,,,,,,,,,,,,
,,,,,,,,,,,,,,,,,,,,,,,
,,,,,,,,,,,,,,,,,,,,,,,
,,,,,,,,,,,,,,,,,,,,,,,
,,,,,,,,,,,,,,,,,,,,,,,
,,,,,,,,,,,,,,,,,,,,,,,
,,,,,,,,,,,,,,,,,,,,,,,
,,,,,,,,,,,,,,,,,,,,,,,
