Author,date,title,name_of_journ,coverage,impact_factor,vol_no,issn_isbn,indexing,inv_paper,prof_inv_file,studs_involved,proof
Ruchira Mukherjee,2017,"Developing ICT based Environmental Management software for Indian Coal Mines using Dynamic GIS enabled Forward Cost Modeling of Land Reclamation, Control and Monitoring of Acid Mine Drainage.",Asian J. Env. Tech.,International,NA,"Vol. 1, No. 2",E-ISSN 2548-6691,NA,No,NA,0,https://drive.google.com/file/d/1XOuAS93ivK_Ukr2E8epLFeheOI8KLrFq/view?usp=sharing
Dr. Phanibhusan Ghosh,2017,Influence of anthropogenic activities on the land use patterns of the South Andaman Islands,Research Journal of Marine Sciences,National,Nil,"Vol. 5, Issue 5",ISSN 2321-1296,ISCA,No,NA,2,https://drive.google.com/file/d/1ANTfyZg_z-Q1Lhzh8B__NVoETelIk8kp/view?usp=sharing
Dr. Saswati Barman,2017,Efficient Modulation of Spin Waves in Two-Dimensional Octagonal Magnonic Crystal,ACS Nano,International,15.8,"Vol. 11, Page 8814",1533-4880 (Print)a,"SCI, Scopus and Web of Science",No,NA,0,https://drive.google.com/drive/folders/1qVty7ai2FFXhEKYnu5im9UscGEaZFTgL?usp=sharing
Dr. Saswati Barman,2017,Bias field tunable magnetic configuration and magnetization dynamics in Ni Fe nano-cross structures with varying arm length,Journal of Applied Physics,International,2.286,"Vol. 121, Issue 4, Page 43909",0021-8979 (Print) 1089-7550 (Online),"SCI, Scopus and Web of Science",No,NA,0,https://drive.google.com/drive/folders/1qVty7ai2FFXhEKYnu5im9UscGEaZFTgL?usp=sharing
Dr. Kakoli Dutta,2017,Electrochemical detection of fluoride in water using polymer encapsulated Zr-EDTA-PCV reagent,Journal of the Indian Chemical Society,National,0.142,93(12):1405-1411,194522,SCI,No,NA,0,https://drive.google.com/file/d/1jGQ6oJB3kW9Ty7IDH08ZcIbkxZOdty9U/view?usp=sharing
Prabir Kumar Das,2017,Heavily Doped Single Quantum Wells and the Effective Mass,"Advanced Science, Engineering and Medicine",International,0.987,"Vol:6, Issue:2, Page:167-218",978-981-10-3908-9,ELSEVIER,No,NA,0,https://drive.google.com/file/d/1Ys1TuHzDsrlHDb7uNMPupzfHtH0JEeg6/view?usp=sharing
Prabir Kumar Das,2017,Can Photons Affect the Entropy?,"Advanced Science, Engineering and Medicine",International,0.987,"Vol. 6(2), Page 133-166",978-981-10-3908-9,ELSEVIER,No,NA,0,https://drive.google.com/file/d/1E4lNjwqfVN1SM5zxbM4LqxNCqLE6HA5e/view?usp=sharing
Prabir Kumar Das,2017,pH dependent tunable photoluminiscence of polyaniline grafted Graphene Oxide (GO - PANI) nanocomposite,"Journal of Luminescence, ELSEVIER",International,3.599,"Vol. 181, Page 138-146",222313,WOS,No,NA,0,https://drive.google.com/file/d/1NeI7NEKOPrn-HWuthOeWU8X2t6S9O8-W/view?usp=sharing
Santanu Das,2017,Study on the effect of non-Newtonian nature of blood flowing through an elastic artery with slip condition,"Journal of Chemical, Biological and physical sciences",National,2.011,"Vol. 7, Issue 4, Page 934-942",E-ISSN: 2249-1929,WOS,No,NA,3,https://drive.google.com/file/d/1QeaKsi_L92dGzC4zRq1Vs6XnK6BZHpHI/view?usp=sharing
Santanu Das,2017,"""A Study on Bingham Plastic Characteristics of blood flow through multiple overlapped stenosed arteries""","""Saudi Journal of Engineering and Technology""",International,1.2,"Vol. 2, Page 349-357",ISSN (Print): 2415-6272 ISSN(Online) : 2415-6264,WOS,No,NA,3,https://drive.google.com/file/d/1sBAHyaG_nYcwMMHjkc6_2kTfW4McBb0w/view?usp=sharing
Dr. Soumyadipta Pal,2017,"Pairing in two dimensions and possible consequences for
 superconductivity: extension of Cooper?s approach",Journal of Physics Communications,International,1.307,"Vol.-1, Page-
 055029",2399-6528,SCI(E),No,NA,0,https://drive.google.com/file/d/1rO9vNuwqhkwvVtlpV7SdhZOVLEeuAHV2/view?usp=sharing
Arnab Basu,2017,Field-effect mobility of a two dimensional electron gas in an n-channel of Si-SiO2 MOS structure with due consideration of some practical features,Journal of Applied Physics,International,2.286,"Vol. 122, Page 105703",381098,SCI,No,NA,0,https://drive.google.com/file/d/12Iye2fpkIbTXwULZtBR53bR8xGSP8jca/view?usp=sharing
Arnab Basu,2017,A realistic analysis of the phonon growth characteristics in adegenerate semiconductor using a simplified model of Fermi-Diracdistribution,Journal of Physics and Chemistry of Solids,International,3.442,"Vol.100, Page 9-13",2249-1929,SCI,No,NA,0,https://drive.google.com/file/d/1JphvwmAqcwt5HCZfgd6I1p1JTUNP9d9X/view?usp=sharing
Arnab Basu,2017,Heating of carriers as controlled by the combined interactions with acoustic and piezoelectric phonons in degenerate III-V semiconductors at low lattice temperature,Physica B,International,1.902,"Vol. 520, Page 106-111",9214526,SCI,No,NA,0,https://drive.google.com/file/d/1KXJ66RCqijYqX5y-cHZIjCyBEBQevVSr/view?usp=sharing
Arnab Basu,2017,The effects of degeneracy of the carrier ensemble on the energy loss rate and the high field mobility characteristics under the conditions of low lattice temperatures,Physica B,International,1.902,"Vol. 506, Page 65-68",13869477,SCI,No,NA,0,https://drive.google.com/file/d/1ki8r2V5dWSdTdUdbucOpa7F0rPXgWKMd/view?usp=sharing
Arnab Basu,2017,Energy loss to intravalley acoustic modes in nano-dimensional wire structures at low temperatures,Physica E,International,3.57,"Vol. 87, Page 237-241",1386-9477,SCI,No,NA,0,https://drive.google.com/file/d/1ShcOR9YxCJkrt4OvA5tfGtiCZT-LeKIE/view?usp=sharing
Arnab Basu,2017,Piezoelectric interaction in controlling the effective electron temperature and the non-ohmic mobility characteristics in GaN and other IIIâ€“V compounds at low lattice temperature,Canadian Journal of Physics,International,1.032,"Vol. 95, Page 167-172",223697,SCI,No,NA,0,https://drive.google.com/file/d/1-EBQBin1oJhm6KDVE0tBu1WsqX4VW9cT/view?usp=sharing
Krishanu Deyasi,2017,Network similarity and statistical analysis of earthquake seismic data,Physica A: Statistical Mechanics and its Applications,International,2.924 (2019),"Vol. 481, Page 224-234",0378-4371,SCI,No,NA,0,https://www.dropbox.com/s/2gv8t6sk7qyn60f/Deyasi%20Physica%20A%202017.pdf?dl=0
Triparna Datta,2017,The Two Dimensional Magneto Thermo Power in Ultra Thin Films Under Intense Electric Field,Journal of Nanoscience and Nanotechnology,International,1.354,"Vol. 17, Issue 5, Page 3352-3364",1533-4880 (Print),SCIE,No,NA,0,https://drive.google.com/drive/folders/1FpP74SYSSTv5MFfOmZOmgjghUbr2b1TO?usp=sharing
Triparna Datta,2017,"Heisenberg's Uncertainty Principle, Intense Electric Field, Heavily Doped Optoelectronic Quantized Structures and the Electron Statistics",Journal of Nanoscience and Nanotechnology,International,1.354,"Vol. 17, Issue 1, Page 256-269",1533-4880 (Print),SCIE,No,NA,0,https://drive.google.com/drive/folders/1FpP74SYSSTv5MFfOmZOmgjghUbr2b1TO?usp=sharing
Triparna Datta,2017,Can Photons Affect the Elastic Constants in Heavily Doped Nano Wires?,Advances in Optical Science and Engineering,International,NA,Page 89-94,978-981-10-3908-9,ELSEVIER,No,NA,0,https://drive.google.com/file/d/1jmILXrH-ZaR-Vmlp-pXo8tQr-xIcfbh4/view?usp=sharing
Dr. Kamakhya Prasad Ghatak,2017,The Two Dimensional Magneto Thermo Power in Ultra Thin Films Under Intense Electric Field,Journal of Nanoscience and Nanotechnology,International,1.354,Vol:17 Issue:5 Page -3352-3364,1533-4880,SCIE,No,NA,0,https://drive.google.com/drive/folders/1FpP74SYSSTv5MFfOmZOmgjghUbr2b1TO?usp=sharing
Dr. Kamakhya Prasad Ghatak,2017,"Intense light waves, heavily doped Kane type opto electronic Nano- Structures, carrier contribution to the elastic constants and all that",Journal of Computational and Theoretical Nanoscience,International,NA,Vol:14 Issue:5 Page:2138-2229,1546-1955,SCI,No,NA,0,https://drive.google.com/drive/folders/1FpP74SYSSTv5MFfOmZOmgjghUbr2b1TO?usp=sharing
Dr. Kamakhya Prasad Ghatak,2017,Can Photons Affect the Elastic Constants in Heavily Doped Nano Wires?,Advances in Optical Science and Engineering,International,NA,Page: 89-94,978-981-10-3908-9,ELSEVIER,No,NA,0,https://drive.google.com/drive/folders/1FpP74SYSSTv5MFfOmZOmgjghUbr2b1TO?usp=sharing
Dr. Kamakhya Prasad Ghatak,2017,Can Photons Affect the Entropy?,"Advanced Science, Engineering and Medicine",International,0.987,"Vol:6, Issue:2, Page:133-166",978-981-10-3908-9,ELSEVIER,No,NA,0,https://drive.google.com/drive/folders/1FpP74SYSSTv5MFfOmZOmgjghUbr2b1TO?usp=sharing
Dr. Kamakhya Prasad Ghatak,2017,Heavily Doped Single Quantum Wells and the Effective Mass,"Advanced Science, Engineering and Medicine",International,0.987,"Vol:6, Issue:2, Page:167-218",978-981-10-3908-9,ELSEVIER,No,NA,0,https://drive.google.com/drive/folders/1FpP74SYSSTv5MFfOmZOmgjghUbr2b1TO?usp=sharing
Dr. Kamakhya Prasad Ghatak,2017,A Special Section on Physical Properties of Low Dimensional Heavily Doped Materials,Materials Focus,International,NA,"Vol:6, Issue:2",2169-429X,ESCI,No,NA,0,https://drive.google.com/drive/folders/1FpP74SYSSTv5MFfOmZOmgjghUbr2b1TO?usp=sharing
Dr. Kamakhya Prasad Ghatak,2017,"Heisenberg’s Uncertainty Principle, Intense Electric Field, Heavily Doped Optoelectronic Quantized Structures and the Electron Statistics",Journal of nanoscience and nanotechnology,International,1.354,"Vol:17, Issue:1",1533-4880,SCIE,No,NA,0,https://drive.google.com/drive/folders/1FpP74SYSSTv5MFfOmZOmgjghUbr2b1TO?usp=sharing
Dr. Kamakhya Prasad Ghatak,2017,"Entropy, Electric Field and Heavily Doped Nanowires",Journal of nanoscience and nanotechnology,International,1.354,"Vol:17, Issue:1 Page- 640-650",1533-4880,SCIE,No,NA,0,https://drive.google.com/drive/folders/1FpP74SYSSTv5MFfOmZOmgjghUbr2b1TO?usp=sharing
Dr. Anubhab Ray,2017,Farthest Point Poblem and M-compact sets,Journal of Nonlinear and Convex Analysis,International,1.029,Vol: 18; No. 3; Page No. 451-457,ISSN: 1880-5221,SCIE,No,NA,0,https://drive.google.com/file/d/15evArdFvullmkHn7R21JAhr1tPI7yCyj/view?usp=sharing
Dr. Ranabir Banik,2017,Deformed band structures at high spin in 200Tl,Phys. Rev. C,International,2.988,"Vol. 95, Page 014301","2469-9985 (print)
 2469-9993 (online)",SCI,No,NA,0,https://drive.google.com/file/d/1-CGG4quR7zHpLHGOmQkxKorYua_TeRQK/view?usp=sharing
Dr. Ranabir Banik,2017,"Prompt-delayed ?-ray spectroscopy with AGATA, EXOGAM and VAMOS++",Eur. Phys. J. A,International,2.799,"Vol. 53, Page 162",1434-601X,SCI,No,NA,0,https://drive.google.com/file/d/15_HNk5ElvoglzS4G5h74AQIvwpaRy3b2/view?usp=sharing
Biswadip Basu Mallik,2017,A Study on Bingham Plastic Characteristics of blood flow through multiple overlapped stenosed arteries,Saudi Journal of Engineering & Technology,International,1.2,"Vol. 2, Issue 9, Page 349-357",ISSN (Print): 2415-6272 ISSN(Online) : 2415-6264,WOS,No,NA,3,https://drive.google.com/drive/folders/1KlISNT7XO96EpqNGABHXAwLQpWUZovMt?usp=sharing
Biswadip Basu Mallik,2017,"Intense Light Waves, Heavily Doped Kane type Opto Electronic Nano-Structures, Carrier Contribution to the Elastic Contants and all that",Journal of Computational and Theoretical Nanoscience,International,0.488,"Vol. 14, Issue 5, Page 2138-2229",ISSN: 1546-1955 (Print) EISSN: 1546-1963 (Online),Scopus,No,NA,0,https://drive.google.com/drive/folders/1KlISNT7XO96EpqNGABHXAwLQpWUZovMt?usp=sharing
Biswadip Basu Mallik,2017,Study on the effect of non-Newtonian nature of blood flowing through an elastic artery with slip condition,"Journal of Chemical, Biological & Physical sciences(JCBPS)",National,2.011,"Vol. 7, Issue 4, Page 934-942",E-ISSN: 2249-1929,WOS,No,NA,3,https://drive.google.com/drive/folders/1KlISNT7XO96EpqNGABHXAwLQpWUZovMt?usp=sharing
Dr. Chandan Adhikari,2017,Interaction of Different Divalent Metal Ions with Lipid Bilayer: Impact on the Encapsulation of Doxorubicin by Lipid Bilayer and Lipoplex Mediated Deintercalation,J. Phys. Chem. B,International,2.8,"Vol 121,Issue 8, Page No: 1854–1865",ISSN:1520-6106,"Scopus, Web of Science",No,NA,0,https://bit.ly/3f326Nl
Dr. Chandan Adhikari,2017,Spectroscopic Study of the Interaction of Carboxyl-Modified Gold Nanoparticles with Liposomes of Different Chain Lengths and Controlled Drug Release by Layer-by-Layer Technology,J. Phys. Chem. B,International,2.8,"Vol 121,Issue 50, Page No: 11333–11343",ISSN: 1520-6107,"Scopus, Web of Science",No,NA,0,https://bit.ly/3hDCEQj
Dr. Chandan Adhikari,2017,A robust synthesis of functionalized 2H-indazoles via solid state melt reaction (SSMR) and their anti-tubercular activity,Bioorganic & Medicinal Chemistry Letters,International,2.4,"Vol: 27, Issue: 7, Page No: 1593-1597",ISSN:0960-894X,"Scopus, Web of Science, SCI",No,NA,0,https://bit.ly/3wpLOEd
Dr. Phanibhusan Ghosh,2018,"Shoreline change detection using remote sensing in the Bakkhali Coastal Region, West Bengal, India.",Indian Journal of Geo-science,National,Nil,"Vol. 71, Issue 4, Page 611-626",ISSN 22293574, SCOPUS,No,NA,1,https://drive.google.com/file/d/13fzILr4IVrCsK55kflQ4jvbnVbbJrv6o/view?usp=sharing
Dr. Kakoli Dutta,2018,"Review on "" Graphene and Graphene oxide based system for the detection of synthetic azo dyes""","International Journal of Advancement in Engg, Technology, Management and applied science",International,3.102,"Vol. 5, Issue 6, Page 8",2349-3224,Indian Citation Index,No,NA,1,https://drive.google.com/file/d/1nuGEyAaBSdzdQhrFLCgGoXQOVMtb6bKo/view?usp=sharing
Prabir Kumar Das,2018,Influence of Intense Electric Field on the Screening Length in Opto-electronic Materials.,Materials Focus,International,0.987,"Vol. 7(3), page: 390-404",2349-3224,SCOPUS,No,NA,0,https://drive.google.com/file/d/1bqu88qPVsErL5SSlARw__aVy4qX6CySY/view?usp=sharing
Dr. Samapika Das Biswas,2018,Psychological distress among late adolescents with obesity,IAHRW International Journal of Social Sciences Review,International,NA,"Vol. 6, Issue 5, Page 769-774",ISSN: 2347-3797,UGC,No,NA,0,http://52.172.152.24/index.php/IIJSSR/index
Dr. Saswati Barman,2018,Field-controlled ultrafast magnetization dynamics in two-dimensional nanoscale ferromagnetic antidot arrays,Beilstein J. Nanotechnol.,International,3.15,"Vol. 9, Page 1123-1134",NA,"SCI, Scopus",No,NA,0,https://drive.google.com/drive/folders/1qVty7ai2FFXhEKYnu5im9UscGEaZFTgL?usp=sharing
Dr. Saswati Barman,2018,Influence of Anisotropic Dipolar Interaction on the Spin Dynamics of Ni80Fe20 Nanodot Arrays Arranged in Honeycomb and Octagonal Lattices,Journal of Magnetism and Magnetic Materials,International,2.993,"Vol. 458, Page 95-104",NA,"SCI, Scopus",No,NA,0,https://drive.google.com/drive/folders/1qVty7ai2FFXhEKYnu5im9UscGEaZFTgL?usp=sharing
Dr. Saswati Barman,2018,"Tunable Angle-Dependent Magnetization Dynamics in Ni80Fe20Nanocross Structures of Varying Size, K. Adhikari, S. Barman, R. Mandal, Y. Otani, and A. Barman",Physical Review Applied,International,4.194,"Vol. 10, Page 44010",NA,"SCI, Scopus",No,NA,0,https://drive.google.com/drive/folders/1qVty7ai2FFXhEKYnu5im9UscGEaZFTgL?usp=sharing
Dr. Saswati Barman,2018,Active control of mode crossover and mode hopping of spin waves in a ferromagnetic antidot lattice,Physical Review Applied,International,4.194,"Vol. 10, Page 64044",NA,"SCI, Scopus",No,NA,0,https://drive.google.com/drive/folders/1qVty7ai2FFXhEKYnu5im9UscGEaZFTgL?usp=sharing
Abhijit Kargupta,2018,Review on 'Graphene and Graphene Oxide based system for the detection of synthetic azo dyes',"Int J. Adv. In Eng.Tech., Management and Appl.Sc.",International,3.102,"Vol. 5, Issue 6, Page 8",2349-3224,Indian citation index,No,NA,1,https://drive.google.com/file/d/1w4S5HrBWN1cMJd1c4wU7G5WbSHGAtV7d/view?usp=sharing
Amartya Mukherjee,2018,Log Transform Based Optimal Image Enhancement Using Firefly Algorithm for Autonomous Mini Unmanned Aerial Vehicle: An Application of Aerial Photography,International Journal of Image and Graphics,International,NA,"Vol. 18, Issue 4",1850019 (2018),SCOPUS,No,NA,0,https://drive.google.com/file/d/1mxSlUXLmZARmD95mTt3RvWJQamIQNL-e/view?usp=sharing
Arnab Basu,2018,An analysis of phonon emission as controlled by the combined interaction with the acoustic and piezoelectric phonons in a degenerate IIIâ€“V compound semiconductor using an approximated Fermiâ€“Dirac distribution at low lattice temperatures,Philosophical Magazine,International,1.778,"Vol. 98, Issue 9, Page 803-818",218979,SCI,No,NA,0,https://drive.google.com/file/d/1kmsSd_-nUQ_Hy-RwzLGWqJaOugWAlXrH/view?usp=sharing
Dr. Kamakhya Prasad Ghatak,2018,Influence of Intense Electric Field on the Screening Length in Opto-electronic Materials.,Materials Focus,International,0.987,"Vol. 7(3), page: 390-404",2349-3224,SCOPUS,No,NA,0,https://drive.google.com/drive/folders/1dqo9UraKt37iLi5KChOKkXy8SZp-pJvc?usp=sharing
Dr. Kamakhya Prasad Ghatak,2018,2D Effective Electron Mass at the Fermi Level in Accumulation and Inversion Layers of MOSFET Nano Devices,Journal of nanoscience and nanotechnology,International,1.354,"Vol. 18(4), page: 2856-2874",1533-4880,SCIE,No,NA,0,https://drive.google.com/drive/folders/1dqo9UraKt37iLi5KChOKkXy8SZp-pJvc?usp=sharing
Ruchira Mukherjee,2018,Molecular docking studies using garlic metabolites--a peek into the apoptotic pathway,Carbon--Science and Technology,International,NA,"Vol. 10, Issue 4",0974 - 0546,SJR,No,NA,0,https://drive.google.com/file/d/1E0dt03DriqbVBdbmUazfFffhL-_A6drU/view?usp=sharing
Dr. Anubhab Ray,2018,Chebyshev centers that are not farthest points,Indian Journal of Pure and Applied Mathematics,International,0.516,Vol:49; No. 2; Page No.:189-204,ISSN:0019-5588,SCIE,No,NA,0,https://drive.google.com/file/d/15i3YhH1kbP0oJrB3__Qvu3uHjJoYAz3R/view?usp=sharing
Dr. Sharmistha Ghosh,2018,"Common Fixed Point Results
  in Fuzzy Metric Spaces for 
 R-weakly Commuting Mappings",Journal of the Calcutta Mathematical Society,International,NA,"Vol. 14, No. 2, pp. 77-90",2231-5314,UGC-Care,No,NA,0,https://drive.google.com/file/d/1r3C2Hct_VdYQunEhtO5UTyyAWWh39k3f/view?usp=sharing
Dr. Ranabir Banik,2018,A Compton suppressed detector multiplicity trigger based digital DAQ for ?-ray spectroscopy,Nuclear Inst. and Methods A,International,1.265,"Vol. 893, Page 138",0168-9002,SCI,No,NA,0,https://drive.google.com/file/d/1aBCZvHfi8Xf4g5WqDTxt6Q6pUT7w-CTg/view?usp=sharing
Dr. Ranabir Banik,2018,Yrast and non-yrast spectroscopy of 199Tl using ?-induced reactions,Phys. Rev. C,International,2.988,"Vol. 98, Page 044311","2469-9985 (print)
 2469-9993 (online)",SCI,No,NA,0,https://drive.google.com/file/d/1Phym1ws9lWqsnaARzlY_3x4yGmYX6lWj/view?usp=sharing
Dr. Chandan Adhikari,2018,Metal organic frameworks modified mesoporous silica nanoparticles (MSN): A nano-composite system to inhibit uncontrolled chemotherapeutic drug delivery from Bare-MSN,Journal of Drug Delivery Science and Technology,International,2.7,Vol:47 Page: 1-11,ISSN: 1773-2247,SCOPUS,No,NA,0,https://bit.ly/3fz99fS
Dr. Chandan Adhikari,2018,Drug delivery system composed of mesoporous silica and hollow mesoporous silica nanospheres for chemotherapeutic drug delivery,Journal of Drug Delivery Science and Technology,International,2.7,Vol: 45 Page: 303-314,ISSN: 1773-2248,Scopus,No,NA,0,https://bit.ly/3vgZ5hW
Arnab Basu,2019,A Class of Third-Order Compact Upwind Schemes for Compressible Flow with Shocks and Vortices,Journal of Physics Through Computation,International,No,"Vol. 2, Page 5",2617-1163,Scopus applied,No,NA,0,https://www.clausiuspress.com/assets/default/article/2019/03/27/article_1553691862.pdf
Abhishikta Bhattacharjee,2019,O Pioneers! A Canvas on Which Cather's Unconscious Self is Drawn,Literary Endeavour,International,NA,"Vol. 10, Issue 2, Page 408-413",0976-299X,"EBSCO, Google Scholar, UGC",No,NA,0,https://drive.google.com/file/d/1k8YzT1V9FUgDwLp-QHbNxwGOZ-N6roIi/view?usp=sharing
Amartya Mukherjee,2019,Delay tolarent network assisted flying adhoc network senario: Modeling and analytical perspective,"wireless networks,Springer",International,2.659,"Vol. 25, Issue 5, Page 2675-2695",2675–2695,SCI,No,NA,0,https://drive.google.com/file/d/1SURZ8y0f86Zk8KPNjstGZuuSwK1Vr7UH/view?usp=sharing
Amartya Mukherjee,2019,Smart Computing with opensource platform,Book-Taylor & Francis USA,International,NA,"Vol. 1, Issue 1, Page 240", 978-0-8153-5952-4,SCOPUS,No,NA,0,https://www.google.co.in/books/edition/Smart_Computing_with_Open_Source_Platfor/4PycDwAAQBAJ?hl=en&gbpv=1&printsec=frontcover
Amartya Mukherjee,2019,Advanced Processing Techniques and Secure Architecture for Sensor Networks in Ubiquitous Healthcare Systems,Book chapter of Sensors for Health Monitoring book,International,NA,"Vol. 5, Issue 1, Page 250",26171163,SCOPUS,No,NA,1,https://www.sciencedirect.com/science/article/pii/B9780128193617000014
Dr. Saswati Barman,2019,Shape dependent high frequency spin-wave dynamics in nanoscale magnonic crystals,Journal of Magnetism and Magnetic Materials,International,2.993,"Vol. 487, Page 165263",Online : 2638-5546 Print : 2639-7412,SCOPUS,No,NA,0,https://drive.google.com/drive/folders/1qVty7ai2FFXhEKYnu5im9UscGEaZFTgL?usp=sharing
Arnab Basu,2019,Gorter-Casimir two fluid model revisited and possible applications to superconductivity,International Journal of Innovative Research in Physics,International,No,"Vol. 1, Issue 1, Page 21-30",223697,No,No,NA,0,https://ijiip.smartsociety.org/template/3.Soumya_IJIIP_new2.pdf
Dr. Anubhab Ray,2019,Extreme contractions on finite-dimensional polygonal Banach spaces,Journal of Convex Analysis,International,0.527,"Vol. 26, Issue 3, Page 877-885",0944-6532,SCI,No,NA,0,https://drive.google.com/file/d/15mi0UGad7X53lZcOcWQ_WR8DUC29eJwT/view?usp=sharing
Dibakar Roy Choudhury,2019,IN SILICO APPROACH FOR ACUTE TOXICITY PREDICTION OF PHYTOCOMPOUNDS PRESENT IN THE FRUIT OF MUSA SP. LINN. AND TO DETECT GASTRIC ULCER PROTECTIVE ABILITIES THROUGH RECEPTOR (MMP-9)-LIGAND (FLAVONOIDS) BINDING,JOURNAL OF ADVANCED SCIENTIFIC RESEARCH (JASR),International,NO,"Vol. 10, Issue 3, Page 230","(ISSN Number(Online) - 2687-7902)
  (ISSN Number(Print) - 2689-484X)",NA,No,NA,4,https://drive.google.com/file/d/1AkiQJp_ls0ptwLt4xMi6s7zPvED3xHST/view?usp=sharing 
Dr. Kamakhya Prasad Ghatak,2019,A Special Issue on Dimension Dependent Electronic Materials and Their Electron Energy Spectra,"Advanced Science, Engineering and Medicine",International,0.987,Vol. 11(10),ISSN: 2164-6627 (print); EISSN: 2164-6635 (online),Elsevier,No,NA,0,https://drive.google.com/file/d/1LK0KnoSbyAqqYjxWejHSWZaXgS3Jw6Zv/view?usp=sharing
Dr. Sharmistha Ghosh,2019,"Fixed Point Result in Menger 
Spaces of p-cyclic Ciric type 
 Contraction Mappings","International Journal of Advances 
 in Mathematics",International,NA,"Vol. 2019, Issue 4, Page 53-65",2456-6098,Publons,No,NA,0,https://drive.google.com/file/d/1t1s8cS3ZRMtpINSPX8LbVlTO05tkyGj0/view?usp=sharing
Dr. Kamakhya Prasad Ghatak,2019,Dimension Dependent Density-of-States Function and the Radiation Laws,Journal of Nano Science and Nano Technology,International,1.354,"Vol. 19(5), Page 2909-2912",0169-2968(P),SCI,No,NA,0,https://drive.google.com/file/d/1nJ68P1rKb-jTMZeS0jeFhDti5ITjIPaS/view?usp=sharing
Dr. Kakoli Dutta,2019,"Synthesis, Properties of Graphene Oxide-Metal Oxide Mixed Nanocomposites and their Applications - Review",International Journal of Advanced Science and Engineering,International,0.846,"Vol. 5, Issue 3, Page 1032-1039",Print ISSN: 2454-9967 Online ISSN: 2349-5359,SCOPUS (Under Evaluation),No,NA,1,https://drive.google.com/file/d/1IOGLFdPTT2GcxsEGgyY5suDn9Qbgr9y_/view?usp=sharing
Dr. Koyel Ganguly,2019,An analysis of the accelerated expansionof the Universe in theframework of Brans-Dicke theory of Gravitation,International Journal of Advanced Science and Engineering,International,1.06,"Vol.6, Issue 1, Page 1180-1184",E-ISSN: 2349 5359; P-ISSN: 2454-9967,NA,No,NA,0,https://drive.google.com/file/d/1Eo4uVtiWJIMUM2jRxTo2BEvb4xB1Nlpz/view?usp=sharing
Dr. Koyel Ganguly,2019,Gorter-Casimir two fluid model revisited and possible applications to superconductivity,International Journal of Innovative Research in Physics,International,NA,"Vol. 1, Issue 1, Page 21-30","(ISSN Number(Online) - 2687-7902)
  (ISSN Number(Print) - 2689-484X)",NA,No,NA,0,https://drive.google.com/file/d/1Tqzfi_ItGbrp2WE3tpTob_y-9UunPRoK/view?usp=sharing
Dr. Kamakhya Prasad Ghatak,2019,Gate Capacitance in Quantum Metal-Oxide-Semiconductor Field-Effect Transistor Devices of Technologically Important Materials,"Advanced Science, Engineering and Medicine",International,0.987,"Vol. 11, Issue 12, Page 1161-1178",ISSN: 2164-6627 (print); EISSN: 2164-6635 (online),Elsevier,No,NA,0,https://www.ingentaconnect.com/contentone/asp/asem/2019/00000011/00000012/art00002
Dr. Kamakhya Prasad Ghatak,2019,Heisenberg's Uncertainty Principle and the Gate Capacitance in Quantum Metal Oxide Silicon Field Effect Transistor Devices,"Advanced Science, Engineering and Medicine",International,0.987,"Vol. 11, Issue 10, Page 903-906",ISSN: 2164-6627 (print); EISSN: 2164-6635 (online),Elsevier,No,NA,0,https://drive.google.com/file/d/1pZ__vpaIQVZCnz_p3JN1webawHeuOOQn/view?usp=sharing
Dr. Kamakhya Prasad Ghatak,2019,On the Electron Energy Spectrum in Quantum Wells of Heavily Doped III–V Materials in the Presence of an Arbitrarily Oriented Magnetic Field,"Advanced Science, Engineering and Medicine",International,0.987,Vol. 11(10),ISSN: 2164-6627 (print); EISSN: 2164-6635 (online),Elsevier,No,NA,0,https://drive.google.com/file/d/1osz8KqL4R7RsHO-RnUa90hApJ0oPIlY5/view?usp=sharing
Dr. Kamakhya Prasad Ghatak,2019,The Energy-Wave Vector Relations and the Density-of-States Function in Heavily Doped Non-Parabolic Materials,"Advanced Science, Engineering and Medicine",International,0.987,Vol. 11(10),ISSN: 2164-6627 (print); EISSN: 2164-6635 (online),Elsevier,No,NA,0,https://drive.google.com/file/d/1BLzHNa39qVXsl79DNogXfG-d_QAhoSKt/view?usp=sharing
Dr. Kamakhya Prasad Ghatak,2019,Gate Capacitance in Quantum Metal-Oxide-Semiconductor Field-Effect Transistor Devices of Technologically Important Materials,"Advanced Science, Engineering and Medicine",International,0.987,Vol. 11,ISSN: 2164-6627 (print); EISSN: 2164-6635 (online),Elsevier,No,NA,0,https://www.ingentaconnect.com/contentone/asp/asem/2019/00000011/00000012/art00002
Mousumi Paul,2019,Multicultural Plurality and Polyethnicity in Hosseini’s The Kite Runner,International Journal of English Learning and Teaching Skills,International,NA,"Vol. 1(3), Page 220-223(4)",ISSN: 2639-7412 (Print) / ISSN: 2638-5546 (Online),NA,No,NA,0,https://drive.google.com/file/d/1XiyyclG3aZcSMBUYEH344rjpV36ib6Am/view?usp=sharing
Prabir Kumar Das,2019,Gate Capacitance in Quantum Metal-Oxide-Semiconductor Field-Effect Transistor Devices of Technologically Important Materials,"Advanced Science, Engineering and Medicine",International,0.987,Vol. 11,ISSN: 2164-6627 (print); EISSN: 2164-6635 (online),Elsevier,No,NA,0,https://www.ingentaconnect.com/contentone/asp/asem/2019/00000011/00000012/art00002
Prabir Kumar Das,2019,The Density-of-States Functions in Quantum Dots,"Advanced Science, Engineering and Medicine",International,0.987,"Vol. 11, Issue 10, Page 907-913",ISSN: 2164-6627 (print); EISSN: 2164-6635 (online),Elsevier,No,NA,0,https://drive.google.com/file/d/1-iFh1N1vP8Gw27gOvMnB-ntmPrWTqGeL/view?usp=sharing
Prabir Kumar Das,2019,Heisenberg's Uncertainty Principle and the Gate Capacitance in Quantum Metal Oxide Silicon Field Effect Transistor Devices,"Advanced Science, Engineering and Medicine",International,0.987,"Vol. 11, Issue 10, Page 903-906",ISSN: 2164-6627 (print); EISSN: 2164-6635 (online),Elsevier,No,NA,0,https://drive.google.com/file/d/1pZ__vpaIQVZCnz_p3JN1webawHeuOOQn/view?usp=sharing
Prabir Kumar Das,2019,Dimension Dependent Density-of-States Function and the Radiation Laws,Journal of Nano Science and Nano Technology,International,1.354,"Vol. 19(5), Page 2909-2912",0169-2968(P),SCI,No,NA,0,https://drive.google.com/file/d/1nJ68P1rKb-jTMZeS0jeFhDti5ITjIPaS/view?usp=sharing
Dr. Phanibhusan Ghosh,2019,A review of the application of multispectral remote sensing in the study of mangrove ecosystems with special emphasis on image processing techniques,Spatial Information Research,International,Nil,"Vol. 25, Issue 1, Page 39-51",ISSN: 2366-3286 (Print) 2366-3294 (Online),Nil,No,NA,2,https://drive.google.com/file/d/1XP4fMszUMH_tFolYQDnjMHa8CErWWyxw/view?usp=sharing
Dr. Phanibhusan Ghosh,2019,"Impact of environmental factors on the dependency of litter biomass in carbon cycling of Hooghly estuary, India",Ecological Informatics,International,2.759,Vol. 51; Page- 193-200,ISSN 1574-9541, Scopus,No,NA,2,https://drive.google.com/file/d/1fyi_10uXQJkA5hqIe4gQGZNDrL8b3eYE/view?usp=sharing
Dr. Phanibhusan Ghosh,2019,"Degree of partitioning of heavy metals in different environmental segments of a sewage-fed fishery pond at East Kolkata Wetland, India – A case study",IJCAES,International,Nil,"Vol. 1, Issue 1",ISSN 2689-6389 (Print)ISSN 2687-7939 (Online),Nil,No,NA,0,https://drive.google.com/file/d/1wJNmPoqCvHnYbJ_pWELlT-VtD-aW3XOg/view?usp=sharing
Dr. Phanibhusan Ghosh,2019,Antimicrobial Activity of a true Mangrove Avicenniaofficinalis leaf extract against some Pathogens.,Journal of Emerging Technology and Innovative Research,International,7.95,"Vol. 6, Issue 3, Page 102-109","ISSN-2349-5162
 jetir.org",NA,No,NA,1,https://drive.google.com/file/d/1MCtWzB5rwcP4AtTiVJ0ucqjl8UbFTqch/view?usp=sharing
Riya Barui,2019,Ethnocentrism and Technical Communication: Study in West Bengals's Technical Education Centres,International Journal of English Learning and Teaching Skills,International,NA,"Vol. 1, Issue 3, Page 266-271",ISSN: 2639-7412 (Print) ISSN: 2638-5546 (Online),NA,No,NA,4,https://drive.google.com/file/d/1Co-NvaDL4k8cHAXfKvO6IBUT4tze8vM-/view?usp=sharing
Ruchira Mukherjee,2019,"A Study of Solar Energy and Ways to Improve its Economic Viability
  and New Business Scopes - Review",International Journal of Advanced Science and Engineering,International,NA,"Vol. 6, Issue S1, Page 55-59","E-ISSN: 2349 5359; 
  P-ISSN: 2454-9967",NA,No,NA,2,https://drive.google.com/file/d/1TonwTytGkVrgBA_fOzc5njyHXIMxH85Q/view?usp=sharing
Ruchira Mukherjee,2019,Harvesting Energy from Thunder Storm,International Journal of Advanced Science and Engineering,International,NA,"Vol. 6, Issue S1, Page 64-67","E-ISSN: 2349 5359; 
  P-ISSN: 2454-9967",NA,No,NA,2,https://drive.google.com/file/d/1Ginnn6EggYx4l2UMY11bXpH1oirG6JVG/view?usp=sharing
Dr. Samapika Das Biswas,2019,SPEECH ANXIETY: IMPROPER COMMUNICATION & FEAR OF PUBLIC SPEAKING,International Journal Of English Learning And Teaching Skills,International,NA,"Vol. 1, Issue 4, Page 352-356",Online: 2638 – 5546 ISSN: – Print Version: 2639,NA,No,NA,2,DOI: doi.org/10.15864/ijelts.1413
Soumen Nandi,2019,"Two-center of the Convex Hull of a Point Set: Dynamic Model, and Restricted Streaming Model.",Fundamenta Informaticae,International,1.298,"Vol. 164, Issue 1, Page 119-138",23495359,"SCOPUS, WEB OF SCIENCE",No,NA,0,https://drive.google.com/file/d/1smDoFlpVnaGckiUlmIHVI_cU7TSpMSL8/view?usp=sharing
Dr. Soumyadipta Pal,2019,Gorter-Casimir two fluid model revisited and possible applications to superconductivity,International Journal of Innovative Research in Physics,International,NA,"Vol. 1, Issue 1, Page 21-30","(ISSN Number(Online) - 2687-7902)
 (ISSN Number(Print) - 2689-484X)",SMART SOCIETY (USA),No,NA,0,https://drive.google.com/file/d/1Tqzfi_ItGbrp2WE3tpTob_y-9UunPRoK/view?usp=sharing
Triparna Datta,2019,Modelling Of The Response Of Bulk Acoustic Wave Based Devices In Bio Sensor Applications,International Journal of Innovative Research in Physics,International,NA,"Vol. 1, Issue 1, Page 62-67","(ISSN Number(Online) - 2687-7902)
 (ISSN Number(Print) - 2689-484X)",SMART SOCIETY (USA),No,NA,0,https://drive.google.com/file/d/1Zdf_UUUHuVIZeIhBWvpl8uy6o5pTrHvs/view?usp=sharing
Dr. Saswati Barman,2019,Anisotropic spin waves in two-dimensional triangular shaped bi-component magnonic crystal,Journal of Magnetism and Magnetic Materials,International,2.993,"490, 165484",NA,"SCI, SCOPUS, Web of Science",No,NA,0,https://drive.google.com/file/d/1H_qHKy2fMGHe-2EU5gOLQYG60TEj7Nk8/view?usp=sharing
Dr. Saswati Barman,2019,Controlled evolution of spin waves in unconventional defective honeycomb antidot lattices,Journal of Magnetism and Magnetic Materials 4,International,2.993,"89, 165408",NA,"SCI, SCOPUS, Web of Science",No,NA,0,https://drive.google.com/file/d/1H_qHKy2fMGHe-2EU5gOLQYG60TEj7Nk8/view?usp=sharing
Dr. Saswati Barman,2019,Tunability of domain structure and magnonic spectra in antidot arrays of heusler alloy,Physical Review Applied,International,4.985,"12 (1), 014043",NA,"SCI, SCOPUS, Web of Science",No,NA,0,https://drive.google.com/file/d/1H_qHKy2fMGHe-2EU5gOLQYG60TEj7Nk8/view?usp=sharing
Sumana Sinha,2019,Empirical study of dynamics of amoebiasis transmission in mobile ad hoc networks (MANETs),International Journal of Communication system,International,1.319,"Volume-33, Issue No.2,",Online ISSN:1099-1131,SCOPUS/ Web of Science/SciTech Premium Collection ,No,NA,2,Empirical study of dynamics of amoebiasis transmission in mobile ad hoc networks (MANETs) - Mishra - 2020 - International Journal of Communication Systems - Wiley Online Library
Riya Barui,2020,Public Relations and Networking Strategies as a tool to enhance Business Communication,International Journal of English Learning and Teaching Skills,International,NA,"Vol. 1, Issue 3, Page 2101-2110",2638-5546,NA,No,NA,2,https://drive.google.com/file/d/1bgg3tNIJH7FnhMe3H6akxHRaudPsyK_q/view?usp=sharing
Riya Barui,2020,Kalighat Paintngs as a medium of Communication in Colonized Bengal Province,International Journal of English Learning and Teaching Skills,International,NA,"Vol. 3, No. 4; July 2021/PP. 2582 – 2591",ISSN: 2639-7412 (Print) ISSN: 2638-5546 (Online),NA,No,NA,2,https://drive.google.com/file/d/15wDMzt442RUkndNxBNxwdaEGVOxVoxuB/view?usp=sharing
Dr. Kamakhya Prasad Ghatak,2020,"Field Aided Semiconductor Superlattices, the Einstein Relation and All That",Journal of Mathematical Sciences & Computational Mathematics,International,NA,"Vol. 1, Issue 1, Page 79-118",ISBN-2688-8300,Google Scholar,No,NA,0,https://drive.google.com/file/d/1z2Rn0mJbiyxN7jb4ZjPaFWtNNQHpupc5/view?usp=sharing
Dr. Ranabir Banik,2020,High-spin states above the isomers in neutron-rich iodine nuclei near N=82,Physical Review C,International,2.988,"Vol. 102, Page 44329","ISSNs
  2469-9985 (print)
  2469-9993 (online)","SCOPUS, WEB of SCIENCE,SCI",No,NA,0,https://drive.google.com/file/d/1u7U20SlEygmCNAyqPJpkC9osr6dplM3x/view?usp=sharing
Dr. Ranabir Banik,2020,First Observation of Multiple Transverse Wobbling Bands of Different Kinds in 183Au,Physical Review Letter,International,2.988,"Vol. 125, Page 132501","ISSNs
  2469-9985 (print)
  2469-9993 (online)","SCOPUS, WEB of SCIENCE,SCI",No,NA,0,https://drive.google.com/file/d/1uC4RNmSO7CujNHeqTRWJMmjP2NR0AyfJ/view?usp=sharing
Dr. Ranabir Banik,2020,"Prompt-delayed gamma-ray spectroscopy of neutron-rich 119,121I isotopes",Physical Review C,International,2.988,"Vol. 102, Page 14326","ISSNs
  2469-9985 (print)
  2469-9993 (online)","SCOPUS, WEB of SCIENCE,SCI",No,NA,0,https://drive.google.com/file/d/1JGbe0xOCZ0RNYauPBRnzKeKfFXBMvPyJ/view?usp=sharing
Dr. Ranabir Banik,2020,Quasi-gamma band in 114Te,Physical Review C,International,2.988,"Vol. 101, Page 64313","ISSNs
  2469-9985 (print)
  2469-9993 (online)","SCOPUS, WEB of SCIENCE,SCI",No,NA,0,https://drive.google.com/file/d/1x1I0b0qechredmXfOXiq-56EQQAlpPfa/view?usp=sharing
Dr. Ranabir Banik,2020,Search of the attractive shears structure in atomic nuclei,International Journal of Innovative Research in Physics,International,NA,"Vol.1, Issue 4, Page 11-14","(ISSN Number(Online) - 2687-7902)
  (ISSN Number(Print) - 2689-484X)",NA,No,NA,0,https://ijiip.smartsociety.org/vol1_issue4/issue4_paper2.pdf
Dr. Ranabir Banik,2020,Investigation of different possible excitation modes in neutron-rich As78,Physical Review C,International,2.988,"Vol. 102, Page 64311","ISSNs
  2469-9985 (print)
  2469-9993 (online)","SCOPUS, WEB of SCIENCE,SCI",No,NA,0,https://drive.google.com/file/d/1JKh-GhnerXw6kSVVP0RYtG0SGxw8x1Ef/view?usp=sharing
Dr. Tina De,2020,"Synthesis, Characterization and Sorptive Removal of Heavy metals on Nano-Structured Nano-Structured Agglomerates of Iron (III)-Cerium (IV) Bimetal Mixed Oxide (NICMO): Search For An Efficient, Low Cost Decontamination Technique",International journal of Chemical and Environmental Sciences,International,NA,"Vol. 1(2), Page 19-32",2687-7937(online) 2689-6389(print),NA,No,NA,0,https://drive.google.com/file/d/16ROQsWWr6b06ennC_VT0xyXTj1AbcTon/view?usp=sharing
Dr. Saswati Barman,2020,Spin-texture driven reconfigurable magnonics in chains of connected Ni80Fe20 submicron dots,Phys. Rev. B,International,4.036,"Vol. 11, Page 224426",NA,"SCI, SCOPUS, Web of Science",No,NA,0,https://drive.google.com/file/d/1dS--sj5zZqsj3QCqjbCFnOHGXFhFDgta/view?usp=sharing
Dr. Saswati Barman,2020,Magnetic vortex transistor based tri-state buffer Switch,Journal of Magnetism and Magnetic Materials,International,2.993,"Vol. 502, Page 166520",NA,"SCI, SCOPUS, Web of Science",No,NA,0,https://drive.google.com/drive/folders/1qVty7ai2FFXhEKYnu5im9UscGEaZFTgL?usp=sharing
Dr. Saswati Barman,2020,Anisotropic spin waves in two-dimensional triangular shaped bi-component magnonic crystal,Journal of Magnetism and Magnetic Materials,International,2.993,"Vol. 490, Page 165484",NA,"SCI, SCOPUS, Web of Science",No,NA,0,https://drive.google.com/drive/folders/1qVty7ai2FFXhEKYnu5im9UscGEaZFTgL?usp=sharing
Dr. Saswati Barman,2020,Controlled evolution of spin waves in unconventional defective honeycomb antidot lattices,Journal of Magnetism and Magnetic Materials,International,2.993,"Vol. 489, Page 165408",NA,"SCI, SCOPUS, Web of Science",No,NA,0,https://drive.google.com/drive/folders/1qVty7ai2FFXhEKYnu5im9UscGEaZFTgL?usp=sharing
Dr. Saswati Barman,2020,Tunability of Domain Structure and Magnonic Spectra in Antidot Arrays of Heusler Alloy,Phys. Rev. Appl.,International,4.985,"Vol. 12, Page 14043",NA,"SCI, SCOPUS, Web of Science",No,NA,0,https://drive.google.com/drive/folders/1qVty7ai2FFXhEKYnu5im9UscGEaZFTgL?usp=sharing
Dr. Kakoli Dutta,2020,Extraction of Antioxidants from spices,International Journal of Chemical and Environmental Sciences,International,NA,"Vol. 1(3), Page 104-114",2687-7937(online) 2689-6389(print),NA,No,NA,0,https://drive.google.com/file/d/1ME5GejycIpipY1oAb0vw_2TLhbi53lPS/view?usp=sharing
Dr. Soumyadipta Pal,2020,BCS theory of superconductivity: a pedagogic short review by mathematical descriptions,International Journal of Innovative Research in Physics (IJIIP),International,NA,"Vol. 1, Issue 4, Page 15-37","(ISSN Number(Online) - 2687-7902)
 (ISSN Number(Print) - 2689-484X)",NA,No,NA,0,https://drive.google.com/file/d/19rS2-m0pi-0XqzxPSMWjiu2Tpery2l-Z/view?usp=sharing
Amartya Mukherjee,2020,Hybrid mobility aware intelligent load forecasting by Edge enabled Internet of Drone Things for Smart Grid networks,"International Journal of parallel programming, Springer",International,1.244,"Vol. 49, Page 1-41",10766-020-00675-x,SCI,No,NA,1,https://drive.google.com/file/d/1odBQC-CzUE2NGY0WG9SINGcwg1Qu3aMF/view?usp=sharing
Abhijit Kargupta,2020,DEVELOPMENT OF GRAPHENE BASED NANOSTRUCTURES AND ITS APPLICATIONS IN FOOD QUALITY CONTROL AND HEALTHCARE,World Journal of Engineering Research and Technology,International,5.924,"Vol. 6, Issue 5, Page 141-150",2454-695X,NA,No,NA,2,https://drive.google.com/file/d/1128JTO29ck6DsFO9LmSQsScfEO7GOX_Y/view?usp=sharing
Krishanu Deyasi,2020,Integrated Regulation of HuR by Translation Repression and Protein Degradation Determines Pulsatile Expression of p53 Under DNA Damage,iScience,International,NIL,"Vol. 15, Page 342-359",2589-0042,SCIE,No,NA,0,https://www.dropbox.com/s/mmla5qyr2atnv94/1-s2.0-s2589004219301385-main.pdf?dl=0
Krishanu Deyasi,2020,Computing the Geodesic Distance Between Two Points In a Polyhedral Solid,International Journal of Advanced Science and Engineering,International,NIL,"Vol. 6, Page 21-24",2349-5359,NA,No,NA,1,https://www.dropbox.com/s/cxprw5v7g9pnrz9/paper5.pdf?dl=0
Dibakar Roy Choudhury,2020,An Eco Friendly Substitute of Asphalt Binder – Review,International Journal of Chemical and Environmental Sciences,International,NIL,"Vol. 1, Page 64-69",ISSN 2689-6389 (Print)ISSN 2687-7939 (Online),NA,No,NA,4,https://drive.google.com/file/d/1AkiQJp_ls0ptwLt4xMi6s7zPvED3xHST/view?usp=sharing 
Dr. Kakoli Dutta,2020,Application of Fluorescence spectroscopy in the field of cancer treatment,International Journal of Innovative Research in Physics,International,NA,"Vol. 1, Issue 2, Page 30-32","(ISSN Number(Online) - 2687-7902)
 (ISSN Number(Print) - 2689-484X)",NO,No,NA,1,https://drive.google.com/file/d/1BfweGGDsipgDqVxr-lT2MplZARpE0i9f/view?usp=sharing
Arnab Basu,2020,Quantum teleportation: a hypothetical concept,International Journal of Innovative Research in Physics,International,NA,"Vol. 1, Issue 2, Page 33-36","(ISSN Number(Online) - 2687-7902)
  (ISSN Number(Print) - 2689-484X)",No,No,NA,6,https://ijiip.smartsociety.org/vo1_issue2/IJIIP_Vol_1_Issue_2-Paper_7.pdf
Dr. Kakoli Dutta,2020,Producing Renewable Energy in an Alternate Way,International Journal of Innovative Research in Physics,international,NA,"Vol. 1, Issue 2, Page 46-48","(ISSN Number(Online) - 2687-7902)
 (ISSN Number(Print) - 2689-484X)",No,No,NA,2,https://drive.google.com/file/d/1D93YLT4s7jg9PwLt8k3gQTLHnp0kKH6y/view?usp=sharing
Soumen Nandi,2020,Classification of edge-critical underlying absolute planar cliques for signed graphs,AUSTRALASIAN JOURNAL OF COMBINATORICS,International,0.92,"Vol. 77, Issue 1, Page 117",ISSN: 1034-4942 (print); 2202-3518 (web),SCOPUS,No,NA,0,https://drive.google.com/file/d/1LGnQ8fQSFI4ny4-pfO-EsI_UpYinVhvG/view?usp=sharing
Abhishikta Bhattacharjee,2020,Role of English as a Medium of Communication for Engineering Students,International Journal of English Learning and Teaching Skills,International,0,"Vol. 2, Issue 4",ISSN : 2639-7412 (Print) ISSN : 2638-5546 (Online),Google Scholar,No,NA,1,https://drive.google.com/file/d/17aLOdPPRajZhQS5CJDEG5OtUnBtSdMMj/view?usp=sharing
Soumen Nandi,2020,Efficient algorithm for computing the triangle maximizing the length of its smallest side inside a covex polygon,International Journal of Foundation of Computer Science,International,0.82,"Vol. 31, Issue 4, Page 421-443",ISSN (print): 0129-0541. ISSN (online): 1793-6373,SCI,No,NA,0,https://drive.google.com/file/d/1l1yT079VuBrtaF7wMiD3bfeJRCisugvy/view?usp=sharing
Soumen Nandi,2020,"Erratum to ""On oriented cliques with respect to push operation"" [Discrete Appl. Math. 232 (2017) 50-63]",Discrete Applied Mathematics,International,1.139,"Vol. 258, Page 276-278",ISSN: 0166-218X,SCI,No,NA,0,https://drive.google.com/file/d/1iqOwdyuZl5pm0OCQWO1b6evX1rQJIJEe/view?usp=sharing
Amartya Mukherjee,2020,QoS aware MQTT middleware for mobile edge computing in opportunistic internet of drone things,Computer Communications,International,2.816,"Vol. 152, Page 93-98",ISSN: 0140-3664,SCI,No,NA,0,https://drive.google.com/file/d/1NXMH2ZQMm9dVfyUmrf_OuHrbBgcU_YoM/view?usp=sharing
Amartya Mukherjee,2020,Lightweight sustainable intelligent load forecasting platform for smart grid applications,Sustainable Computing: Informatics and Systems,International,2.798,"Vol. 25, Page 100356",ISSN: 2210-5379,SCI,No,NA,1,https://drive.google.com/file/d/14KJJhaFR0vfiQu8vsgAWsBcPScjUSa3j/view?usp=sharing
Dr. Ranabir Banik,2020,Observation of signature partner bands in 117Sb,Phys. Rev. C,International,2.988,"Vol. 101, Page 14322","2469-9985 (print)
  2469-9993 (online)","SCOPUS, Web of Science",No,NA,0,https://drive.google.com/file/d/1Ovwwb6-Vb3WmZuGbT_zY5uV6WpEpr7By/view?usp=sharing
Dr. Kamakhya Prasad Ghatak,2020,ELECTRON ENERGY SPECTRA IN QUANTIZED STRUCTURES,JOURNAL OF MATHEMATICAL SCIENCES & COMPUTATIONAL MATHEMATICS,National,NA,Page 374,ISBN-2688-8300,Google Scholar,No,NA,0,https://drive.google.com/file/d/18iQXwXRkq9iqGNasGy8GSA4cd_eAhP5B/view?usp=sharing
Prabir Kumar Das,2020,ELECTRON ENERGY SPECTRA IN QUANTIZED STRUCTURES,JOURNAL OF MATHEMATICAL SCIENCES & COMPUTATIONAL MATHEMATICS,National,NA,Page 374,ISBN-2688-8300,Google Scholar,No,NA,0,https://drive.google.com/file/d/18iQXwXRkq9iqGNasGy8GSA4cd_eAhP5B/view?usp=sharing
Dr. Phanibhusan Ghosh,2020,"Environmental variables regulating organic carbon dynamics of Sundarban mangrove Ecosystem, India",International Journal of Chemical and Environmental Sciences,International,Nil,"Vol. 2, Issue 1, Page 7-17",ISSN 2689-6389 (Print)ISSN 2687-7939 (Online),NA,No,NA,5,https://drive.google.com/file/d/1TohMAyCVYwa_VcW0G142pGMEzdoQVN6F/view?usp=sharing
Dr. Anubhab Ray,2020,Extreme contractions on finite-dimensional polygonal Banach spaces. II,Journal of Operator Theory,International,0.69,"Vol. 84, Issue 1, Page 127-137",1841-7744,SCI,No,NA,0,https://drive.google.com/file/d/15s0sMWpdZ5-6r-0AKCUcNgUY19eSLFy6/view?usp=sharing
Dr. Anubhab Ray,2020,A complete characterization of smoothness in the space of bounded linear operators,Linear and Multilinear Algebra,International,1.112,"Vol. 68, Issue 12, Page 2484-2494",0308-1087,SCIE,No,NA,0,https://drive.google.com/file/d/15oekymBw9_Zp1_ShsHKnCh7uj0P0cE8y/view?usp=sharing
Dr. Phanibhusan Ghosh,2020,Temporal stratification of weeds under System of Rice Intensification and conventional rice cultivation Received for,International Journal of Chemical and Environmental Sciences,International,Nil,"Vol. 2, Issue 1, Page 41-52",ISSN 2689-6389 (Print)ISSN 2687-7939 (Online),NA,No,NA,5,https://drive.google.com/file/d/1WFjiUzZV6kami59okXfiGV1D2_3wiLji/view?usp=sharing
Biswadip Basu Mallik,2020,HEAD INJURY NEEDS LIFE SAVING CARE – AN ANALYTICAL STUDY,Journal of Mathematical Sciences & Computational Mathematics(JMSCM),International,Nil,"Vol. 1, Issue 2, Page 218-224",ISSN 2688-8300 (Print) ISSN 2644-3368 (Online),NA,No,NA,4,https://drive.google.com/drive/folders/1NwI548YVW7DXqti1S3gyueJ0BeFAVWEA?usp=sharing
Biswadip Basu Mallik,2020,A Mathematical Model of Blood Flow in a Catheterized artery with multiple stenoses,American Journal of Advanced Computing,International,Nil,"Vol. 1, Issue 1 Page No - 38 - 42",ISSN Number (Online) - 2368-1209 ISSN Number (Print) - 2691-5944,NA,No,NA,0,https://drive.google.com/drive/folders/1NwI548YVW7DXqti1S3gyueJ0BeFAVWEA?usp=sharing
Biswadip Basu Mallik,2020,A BRIEF IDEA ON THE HOMOMORPHIC ENCRYPTION FOR DATA SECURITY,Journal of Mathematical Sciences & Computational Mathematics(JMSCM),International,Nil,"Vol. 1, Issue 2, Page 239-250",ISSN 2688-8300 (Print) ISSN 2644-3368 (Online),NA,No,NA,8,https://drive.google.com/drive/folders/1NwI548YVW7DXqti1S3gyueJ0BeFAVWEA?usp=sharing
Biswadip Basu Mallik,2020,A REVIEW ON NON-UNIQUE REPRESENTATIONS OF POSITIVE INTEGERS AS 2^X + 3^Y FOR NON-NEGATIVE INTEGERS X AND Y,Journal of Mathematical Sciences & Computational Mathematics(JMSCM),International,Nil,"Vol. 1, Issue 3, Page 262-271",ISSN 2688-8300 (Print) ISSN 2644-3368 (Online),NA,No,NA,4,https://drive.google.com/drive/folders/1NwI548YVW7DXqti1S3gyueJ0BeFAVWEA?usp=sharing
Dr. Chandan Adhikari,2020,Mesoporous Nanoparticles As Efficient Drug Delivery Vehicle: A Concise Review,European Journal of Molecular & Clinical Medicine,International,NA,"Volume 07, Issue 07, Page No: 3932-3939",ISSN 2515-8260,Scopus,No,NA,0,https://bit.ly/2UdPDye
Dr. Chandan Adhikari,2020,"Synthesis, Characterization and Application of Zeolitic Imidazole Framework-Mesoporous Silica Nanospheres Composite: A Hybrid Porous Composite for Drug Delivery",Journal of Physics: Conference Series,International,0.55,"Volume: 1531, Page Number: 1-29",Online ISSN: 1742-6596 Print ISSN: 1742-6588,Scopus,No,NA,0,https://bit.ly/3y8yMvK
Dr. Chandan Adhikari,2020,Sunlight Assisted Degradation of Methylene Blue as a Model Dye using Bismuth Oxychloride Nanoparticles: Ecofriendly and Industry Efficient Photocatalysis for Waste Chemical Treatment,ASSIIAN JJOURNAL OF CHEMIISSTRY,International,SJR O.15,"Vol. 32, Issue No. 1, Page No: 115-121",ISSN: 0975-427X,Scopus,No,NA,0,https://bit.ly/3x8ds9h
Santanu Das,2020,Geometry of tetrahedron and computation of the face angles of a tetrahedron with the help of c language,Journal of Mathematical Sciences & Computational Mathematics(JMSCM),International,Nil,"Vol. 1, Issue 3, Page 300-310",ISSN 2688-8300 (Print) ISSN 2644-3368 (Online),NA,No,NA,2,https://drive.google.com/file/d/1oFjdrzTU38aCu2T-zgl5IUaCKss1WrUF/view?usp=sharing
Dr. Samapika Das Biswas,2020,Smart Classroom-An Innovative Concept of Modern Education,"International Journal of English Learning
& Teaching Skills,",International,NA,"Vol. 2 Issue 3, Pg 1436-1452.","Online: 2638 – 5546 ISSN: – Print Version: 2639 –
7412",NA,No,NA,2,DOI: doi.org/10.15864/ijelts.2311
Soumen Nandi,2021,Pushable chromatic number of graphs with degree constraints,Discrete Mathematics,International,0.87,"Vol. 344, Issue 1, Page 112151",ISSN: 0012-365X,SCI,No,NA,0,https://drive.google.com/file/d/19U-dr4Kgn9Xm4MzCDGrzmsnV7ajv2d00/view?usp=sharing
Dr. Ranabir Banik,2021,New lifetime measurement for the 2+1 level in 112Sn by the Doppler-shift attenuation method,Physical Review C,International,2.988,"Vol. 103, Page 44306","2469-9985 (print)
  2469-9993 (online)","SCI, SCOPUS, Web of Science",No,NA,0,https://drive.google.com/file/d/1F2VIjwsXiQS_jBmd-GaC-qON9ctZhCzq/view?usp=sharing
Abhishikta Bhattacharjee,2021,"Rethinking Diasporic,Cultural and Religious Identity through the Eyes of Celluloid (in Press)",International Journal of English Learning & Teaching Skills,International,NA,"Vol. 3, No. 4",ISSN: – Online: 2638 – 5546 ISSN: – Print Version: 2639 – 7412,Google Scholar,No,NA,0,https://drive.google.com/file/d/1KyeOrebouJjgY9FozZA8y5S3mH7hFLEI/view?usp=sharing
Dr. Phanibhusan Ghosh,2021,"Shoreline changes and its impact on the mangrove ecosystems of
  some islands of Indian Sundarbans, North-East coast of India",Journal of Cleaner Production,International,7.246,"Vol. 284, Page 124764",ISSN: 0959-6526,Scopus,No,NA,3,https://drive.google.com/file/d/1ZytsrmAVcKG3eBjWpq3xsuHb4rw2vzwy/view?usp=sharing
Dr. Phanibhusan Ghosh,2021,"Assessment of changes in land use, land cover, and land surface temperature in the mangrove forest of Sundarbans, northeast coast of India",Environment Development and Sustainability,International,2.191,"Vol. 23, Issue 2, Page 1917-1943",Electronic ISSN 1573-2975 Print ISSN 1387-585X, Scopus,No,NA,3,https://drive.google.com/file/d/1iQXXOIXYhKrMOiOhHZqjWI-hlfoN5s4I/view?usp=sharing
Dr. Soumyadipta Pal,2021,Simplified approach of investigation of binding energy for fermionic pairing in two dimensional Fermi liquid type superconducting materials at finite low temperature,Physica C: Superconductivity and its applications,International,1.241,"Vol. 581, Page 1353804",0921-4534,SCI,No,NA,0,https://drive.google.com/file/d/14YeR-15ngMmcRxRPeFcSWZEL3edL0-_7/view?usp=sharing
Dr. Soumyadipta Pal,2021,The resistivity upturn in Ni-Mn-In alloys exhibiting magnetic field induced shift in martensitic transition with and without Co doping,Journal of Alloys and Compounds,International,4.65,"Vol. 856, Page 157405",0925-8388,SCI,No,NA,0,https://drive.google.com/file/d/1mtg7Ap8C0svHQ8DCpDeaXCAlRBgwp6n7/view?usp=sharing
Dr. Saswati Barman,2021,Nanochannels for spin-wave manipulation in Ni80Fe20 nanodot arrays,Journal of Magnetism and Magnetic Materials,International,2.993,"Vol. 522, Page 167550",NA,"SCI, Scopus, Web of Science",No,NA,0,https://drive.google.com/drive/folders/1qVty7ai2FFXhEKYnu5im9UscGEaZFTgL?usp=sharing
Dr. Chandan Adhikari,2021,Recent Developments in Preparation and Applications of Metal Organic Framework: A Concise Review,Asian Journal of Chemistry,International,SJR:0.14,"Vol. 33, Issue 5, Page 956-963","0975-427X (Online)
  0970-7077 (Print)",SCOPUS,No,NA,0,https://drive.google.com/file/d/1Z9XCO17djD8hMAwp-OTDuHjW81wZ6mxW/view?usp=sharing
Biswadip Basu Mallik,2021,Mathematical Modeling of Pulsatile flow of non-Newtonian fluid through a constricted artery,Mathematical Modelling of Engineering Problems(MMEP),International,0.853,Vol. 8 No 3 pp 485 - 491,2369-0739 (print); 2369-0747 (online),Scopus,No,NA,4,https://drive.google.com/drive/folders/1I9a2T5Dk2LfaT9s9uW6-DbtGch9MhGh_?usp=sharing
Ayan Kumar Panja,2021,Time Series Analysis of COVID-19 Data to Study the Effect of Lockdown and Unlock in India,"Journal of The Institution of Engineers (India): Series B, Springer",International,NA,NA,NA,Scopus,No,NA,0,https://link.springer.com/article/10.1007/s40031-021-00585-7
Dr. Saswati Barman,2021,Comparison of Spin-Wave Modes in Connected and Disconnected Artificial Spin Ice Nanostructures Using Brillouin Light Scattering Spectroscopy,ACS Nano,International,15.881,NA,NA,"SCI, Scopus, Web of Science",No,NA,0,https://drive.google.com/file/d/1SWSfmln7YXCSFBx7NXkQqNjkMJBCNGrn/view?usp=sharing
Dr. Saswati Barman,2021,Observation of Magnon-Magnon Coupling with High Cooperativity in Ni80Fe20 Cross-shaped Nanoring Array,Nanotechnology,International,3.874,Accepted,NA,"SCI, Scopus, Web of Science",No,NA,0,https://drive.google.com/file/d/1SWSfmln7YXCSFBx7NXkQqNjkMJBCNGrn/view?usp=sharing
Dr. Saswati Barman,2021,Magnonic Crystals with Complex Geometry,Phys. Rev B,International,4.036,"Vol. 103, Page 06440",NA,"SCI, Scopus, Web of Science",No,NA,0,https://drive.google.com/file/d/1SWSfmln7YXCSFBx7NXkQqNjkMJBCNGrn/view?usp=sharing
Dr. Saswati Barman,2021,Resonant amplification of intrinsic magnon modes and generation of new extrinsic modes in a two-dimensional array of interacting multiferroic nanomagnets by surface acoustic waves,Nanoscale,International,6.895,"13 (22), 10016-10023",NA,"SCI, Scopus, Web of Science",No,NA,0,https://drive.google.com/file/d/1SWSfmln7YXCSFBx7NXkQqNjkMJBCNGrn/view?usp=sharing
Dr. Phanibhusan Ghosh,2021,"Phytoremediation Potential of Elements By Weed Species Around Solid Waste Dumping Ground, Berhampur, West Bengal, India",Pollution Research ,National ,0.52,"40 (3), 344-352",ISSN 0257–8050,SCOPUS,No,NA,1,https://drive.google.com/file/d/1DwGhNq86dp5ZVPTMlygSOvIOKsiEkPip/view?usp=sharing
Dibakar Roy Choudhury,2021,IN-SILICO STUDY OF TOXICITY MECHANISMS FOR METABOLITES OF PHYTO-COMPOUNDS FROM MUSA SP. COMPARED TO SYNTHETIC MEDICINE RANITIDINE,International Journal of Pharmaceutical Sciences and research,International,2.44,12(3): 1521-1528,E-ISSN: 0975-8232; P-ISSN: 2320-5148,WEB OF SCIENCE,No,NA,0,https://drive.google.com/file/d/1Ar5Q-hTSxdOGxmSsiWtCeiekoz--tap-/view?usp=sharing
Dr. Samapika Das Biswas,2021,A Comprehensive Analysis of the Possible Impact of the COVID-19 Pandemic on the Growth and Development of Children,The International Journal of Indian Psychology,International,NA,"paper has been accepted for publishing, yet to be published in the recent issue","ISSN (electronic): 2348-5396 
ISSN (Print):2349-3429",UGC,Yes,NA,0,https://drive.google.com/file/d/1iRPTxfrxy01DAfG5o5dhkWxYoM1rWXNX/view?usp=sharing
Dr. Samapika Das Biswas,2021,Urban Planning in Response to Global Pandemic to Efficiently Absorb Pandemic Shocks: Psychological Aspect,International Journal of English Learning & Teaching Skills,International,NA,Vol 3.2 PP. 2157-2167,ISSN: – Online: 2638 – 5546 ISSN: – Print Version: 2639 – 7412,NA,No,NA,0,DOI: doi.org/10.15864/ijelts.3219
Dr. Chandan Adhikari,2021,"Polymer nanoparticles-preparations, applications and future insights: a concise review",Polymer-Plastics Technology and Materials,International,1.78,NA , ISSN: 2574-089X,"Scopus, Web of Science, SCIE",No,NA,0,https://drive.google.com/file/d/17yr0iNFE6vx4aDrW9OW_r95FC6Jz9QGj/view?usp=sharing
